image_id,caption
1354,วัตถุทรงกลมสีขาวที่มีคราบสีดําลอยอยู่
1413,จิ้งจกอยู่บนกิ่งไม้
1802,บ้านที่อยู่ติดกับบริเวณริมชายหาดทะเลและมีต้นไม้อยู่บนภูเขา
1243,ลิงตัวนึงนั่งอยู่บนพื้นติดกับกำแพง
693,ตั๊กแตนบนพื้นผิวมอสส์
1695,ผักอยู่บนโต๊ะที่พร้อมให้ทาน
1735,ตะกร้าหวายอยู่บนสนามหญ้าสีเขียวปกคลุม
1440,สัตว์ตัวใหญ่นอนอยู่ในป่า
296,เห็ดที่กำลังลอยอยู่บนพื้นสีฟ้า
1144,วัดสีขาวและพื้นสีแดงมีป้ายอยู่ข้างหน้า
62,กระท่อมกลางป่ามีต้นกล้วยอยู่ข้างๆ
933,ซุปหนึ่งชามใส่เนื้อกับผัก
149,ผู้หญิงคนหนึ่งสวมผ้าโพกหัวสัขาวกำลังถือกิ่งไม้
458,พระพุทธรูปสีทองขนาดใหญ่อยู่ตรงกลางห้อง
141,หนูวางอยู่บนพื้นถัดจากไม้บรรทัด
559,บ้านที่อยู่ติดกับบริเวณริมชายหาดทะเลและมีต้นไม้อยู่บนภูเขา
978,ชามอาหารที่มีเนื้อสัตว์ข้าวและผัก
1909,ปลาจำนวนมากกำลังว่ายน้ำ
1056,ต้นไม้ขนาดใหญ่อยู่ตรงกลางสวน
1587,หญ้าสีเขียวสูงในทุ่งที่มีภูเขาในพื้นหลัง
1349,บ่อน้ำขนาดใหญ่ที่มีป่าล้อมรอบ
1469,ใบไม้สีเขียวในกระถางสีขาว
862,ระยะใกล้ของพืชสีเขียวที่มีดอกไม้สีขาวขนาดเล็ก
803,วัวที่กินอาหารจากชามโลหะ
966,หนูตัวเล็กๆนอนอยู่บนพื้น
466,ผู้ชายใส่เสื้อสีดำและผู้หญิงที่นั่งบนเก้าอี้สีแดงต่อหน้าฝูงชน
197,ดอกไม้อยู่ใกล้ๆอยู่ตรงกลางทุ่ง
843,เนินเขาที่มีต้นไม้ในด้านหน้า
1817,แมลงที่อยู่บนพื้นดินในดิน
18,นกตายในแอ่งน้ำ
260,ตึกสีขาวขนาดใหญ่ที่มีนั่งร้านอยู่ด้านข้าง
1680,เห็ดอยู่บนโต๊ะสีฟ้า
1229,ชิ้นไม้ที่อยู่ใกล้ๆกับแผ่นไม้ที่ติดอยู่บนนั้น
112,รูปปั้นทองคำของผู้หญิงคนหนึ่งที่มีมือจำนวนมากในอากาศ
1934,แครอทถั่วเขียวและเต้าหู้ในกระทะ
554,กิ้งก่าสีน้ำเงินบนสเกลที่มีไม้บรรทัดอยู่ข้างหน้า
1347,กลุ่มรูปปั้นสีน้ำเงินอยู่หน้าตึก
1577,ผลไม้สีเขียวเป็นพวง
867,แมลงอยู่ใกล้ๆบนพื้นผิวสีขาว
1401,วัวยืนกลางถนนที่เต็มไปด้วยโคลน
1159,รถจอดอยู่ด้านข้างของถนนติดกับถนนสกปรก
109,ดอกไม้เล็กๆสีขาวที่เติบโตจากพื้นดิน
649,จิ้งจกนอนอยู่บนพื้นติดกับกำแพง
1744,ใบไม้จำนวนมากอยู่บนพื้นดินในป่า
423,ชามหินวางอยู่ด้านบนของหญ้าสีเขียวปกคลุม
1671,ถ้วยชาเขียวบนจานรอง
846,ผู้ชายนั่งโต๊ะกับแล็ปท็อปอยู่ข้างหน้าเขา
567,แมลงปีกแข็งอยู่ใกล้บนพื้นผิวมอสส์
1800,ป่าติดกับชายหาดและทะเล
1439,เสือเดินอยู่ในดินใกล้กับแหล่งน้ำ
383,นกสองตัวที่ยืนอยู่ในน้ำ
374,พืชที่ห้อยอยู่ด้านข้างของอาคาร
162,กบอยู่บนกิ่งไม้
1638,ควันออกมาจากกองแดงอยู่หน้าตึก
55,ประตูวัดสีขาวและเหลือง
1197,ต้นไม้ที่มีรูสีดำ
1010,นกจำนวนมากที่ยืนอยู่ในหญ้า
1020,ศาลาพิธีสีทองหน้าอาคารราชการในประเทศไทย
73,ใกล้ๆกับเห็ดบนพื้นในป่า
431,ไวท์เพลทกับอาหารสี่ประเภท
1699,ทับทิมที่เติบโตบนต้นไม้
1605,ผู้หญิงตักมะกอกออกจากหม้อ
1937,สะพานไม้เหนือร่างกายของน้ำที่มีต้นไม้ในพื้นหลัง
79,หอยทากอยู่ข้างต้นไม้
722,มุมมองทางอากาศของพื้นที่ป่าไม้ที่มีภูเขาในพื้นหลัง
292,กบอยู่บนพื้นดินในป่า
1057,ผู้หญิงสามคนกำลังทำงานบางอย่างในห้อง
1201,กบตัวเล็กๆอยู่บนกิ่งไม้
129,วัวที่มีเขาขนาดใหญ่ยืนอยู่ในป่า
1719,กระโหลกบนพื้นที่มีกระดาษอยู่ข้างหน้า
661,ผู้หญิงคนหนึ่งยืนอยู่หน้าตึกสีชมพูพร้อมป้ายบนนั้น
1503,กลุ่มคนที่ข้ามแม่น้ำในป่า
1529,ผ้าทอสีขาวบนโต๊ะ
1757,ผีเสื้อกลางคืนอยู่บนขอบของชิ้นส่วนโลหะ
1318,กบสีน้ำตาลขนาดเล็กอยู่บนหิน
1815,งูวางอยู่บนใบไม้บนพื้น
934,จานอาหารที่มีไข่ทอดอยู่ข้างบน
104,ต่างหูคู่นึงใกล้ๆที่มีถั่วอยู่
1225,มุมมองใต้น้ำของปะการังที่มีงูทะเลในด้านหน้า
1223,ภาชนะบรรจุอาหารมากมายบนโต๊ะในร้านค้า
1723,ดอกสีม่วงเล็กๆที่เติบโตจากพื้นดิน
242,พระพุทธรูปสีดำอยู่ในอาคารสีขาว
482,แมลงที่อยู่บนพื้นดินในป่า
1542,กลุ่มคนที่ยืนอยู่บนเวที
777,นิ้วใกล้ๆของบุคคลที่มีสารสีเหลืองบนมัน
1308,มะเขือเทศผักกาดหอมและผักอื่นๆอยู่บนตะกร้าหน้ากำแพงไม้
386,โครงกระดูกตรงกลางของสนามดิน
1608,หนอนนอนอยู่บนพื้นทราย
501,คนมากมายที่นั่งอยู่บนพื้นด้วยกัน
1854,สะพานไม้กลางป่า
681,กล้วยที่อยู่ใกล้ๆกันบนพื้นผิวสีฟ้า
890,ช้างตัวนึงยืนอยู่กลางทุ่ง
643,ตะกร้าสีฟ้าที่เต็มไปด้วยไข่อยู่บนเคาน์เตอร์ถัดจากรูปปั้น
1920,นกอยู่บนกิ่งไม้
1663,ต้นกล้วยที่ปลูกอยู่กลางทุ่ง
1851,ชายคนหนึ่งขี่กระดานโต้คลื่นบนคลื่นในมหาสมุทร
1799,นกตัวเล็กอยู่บนหินในป่า
737,แมลงอยู่บนใบไม้
891,กลุ่มสัตว์ดินเหนียวที่อยู่ในตาราง
428,ซุปหนึ่งชามใส่เนื้อและผัก
856,ชายคนหนึ่งกำลังตวงวัดความสูงของต้นไม้ในสนาม
1852,กล้วยและผักอื่นๆบนม้านั่งไม้
560,รูปปั้นหมีตัวเล็กๆอยู่บนหลังกระเป๋า
1795,หินบล็อกอยู่กลางทุ่งหญ้า
1514,เก้าอี้ตั้งอยู่บนพื้นสีขาวยกสูง
994,ชิ้นส่วนไม้ชิ้นใหญ่ที่ถูกแกะสลักไว้ด้านข้างของหิน
1002,น้ำขนาดใหญ่ที่มีต้นไม้ในพื้นหลัง
1985,ใบไม้ที่มีจุดสีขาวอยู่ใกล้ๆ
1411,ปลาบนน้ำแข็งที่อยู่ใกล้ๆ
440,ผีเสื้ออยู่บนโต๊ะ
484,จานอาหารที่มีไข่และแฮชบราวน์บนโต๊ะ
632,ลูกบอลแก้วที่แขวนจากโซ่ที่มีถั่วอยู่ในนั้น
578,ลำธารวิ่งระหว่างหินและหญ้า
1146,สนามที่มีบ่อเล็กๆอยู่ตรงกลางของมัน
1513,ภาพวาดบนผนังของอาคารที่แสดงให้เห็นถึงผู้ชายและผู้หญิง
1936,กบอยู่บนใบไม้
158,เรืออยู่ในน้ำข้างหิน
833,เรืออยู่บนน้ำที่มีภูเขาอยู่ด้านหลัง
1718,จิ้งจกอยู่บนกิ่งไม้
188,ต้นไม้ที่มีเชื้อราอยู่ปลายมัน
1810,น้ำหนึ่งแก้ววางอยู่บนโต๊ะ
1250,อาคารสีขาวและสีแดงที่มีประตูสีแดงและขั้นตอนที่นำไปสู่มัน
1325,ประติมากรรมสีฟ้าและขาวอยู่บนบันไดของอาคาร
307,ต้นกล้วยมากมายที่ปลูกในทุ่งหญ้า
755,ชิ้นส่วนของปะการังที่อยู่ด้านล่างของหิน
1050,ดอกไม้ที่มีพื้นหลังพร่ามัว
679,ผ้าใบสีเหลืองที่ด้านข้างของอาคารที่มีต้นไม้ที่เติบโตออกมาจากมัน
376,สัตว์ตายอยู่บนพื้นหญ้าที่หัวมันโผล่ออกมาจากปากของมัน
1477,ชายคนหนึ่งกำลังยืนอยู่บนหญ้าด้วยเทปวัด
1098,กองขยะข้างถนน
735,สองคนนั่งอยู่บนหาดหินที่มีถังน้ำ
212,จิ้งจกอยู่บนใบไม้กองหนึ่ง
921,เสาะหาไม้ยาวบนพื้นผิวสีขาว
19,จานอาหารที่มีเนื้อและผัก
1859,กลุ่มคนที่ยืนอยู่หน้าด่าน
1880,น้ำตกเล็กๆที่ไหลลงด้านข้างของภูเขา
1520,ซูชินีทอดกับบร็อคโคลีกับดิปปิ้งซอส
252,เค้กวันเกิดที่มีคำว่าสวัสดีเขียนไว้
779,กบอยู่บนหิน
264,จานอาหารสีขาวที่มีเนื้อ
389,กลุ่มคนจำนวนมากยืนอยู่หน้าตึก
1836,กบอยู่บนพื้นดินในที่มืด
1008,จานอาหารสีขาวที่มีเนื้อ
1108,ดอกไม้สีขาวหำดอกอยู่บนพื้นดินในดิน
479,ไวท์โบวล์ใส่พริกหวานแดงบนโต๊ะ
634,ห้องน้ำสกปรกที่มีการลอกสีบนผนัง
791,รถจักรยานยนต์จอดอยู่ด้านข้างของถนนหน้าอาคาร
1251,เค้กแต่งงานบนโต๊ะที่มีดอกไม้และผู้ชายในชุดทักซิโด้
566,นกยืนอยู่บนพื้นหญ้าโดยต้นไม้บางต้น
1604,งานประติมากรรมที่แสดงในพิพิธภัณฑ์
385,แมวนั่งอยู่บนพื้นในห้องน้ำ
1275,ลิงตัวนึงนั่งอยู่หน้าประตู
1234,เวทีแต่งงานที่ตกแต่งด้วยดอกไม้และเขียวขจี
1069,ผ้าพันคอแขวนอยู่บนกำแพง
573,ใบไม้วางอยู่บนพื้นดินในดิน
1343,คนกลุ่มหนึ่งกำลังทำงานบนเรือ
1381,หลังคาวัดไทยที่มีสีสัน
527,ซุปหนึ่งถ้วยที่มีปลาและสมุนไพร
2,ดอกไม้เล็กๆสีขาวอยู่ด้านบนของใบเขียว
157,อาหารสามจานบนโต๊ะ
1595,ผีเสื้อกลางคืนอยู่บนใบไม้
1408,ดอกสีชมพูบานอยู่บนลำต้นของพืช
1933,จมูกของวัว
1841,แมลงอยู่บนใบไม้
28,ดอกไม้สีชมพู
1335,ค้างคาวเล็กๆที่ห้อยกลับหัวจากมือคน
971,อาหารเน่าๆบนพื้น
1689,จานอาหารที่มีเนื้อและผัก
1510,ดอกไม้สีเหลืองมากมายที่บานสะพรั่งอยู่บนต้นไม้
1701,ดอกไม้สีม่วงและสีขาวอยู่บนใบไม้สีเขียวถัดจากกล้วย
1200,ชายคนหนึ่งยืนอยู่ต่อหน้าผู้คนกลุ่มหนึ่ง
950,จมูกของวัว
893,ใกล้ขึ้นจากใบไม้สีแดงสองใบบนต้นไม้มอสส์
802,ภาพกะโหลกบัฟฟาโลคู่หนึ่งนอนอยู่บนหญ้า
480,ปะการังขนาดใหญ่อยู่ด้านล่างของมหาสมุทร
1361,ศาลากลางสวน
848,มุมมองของภูเขาจากด้านบน
1035,ภาพป้ายหยุดข้างถนน
193,ถุงไม้ทอดอยู่บนโต๊ะไม้
1448,ชายคนหนึ่งยืนอยู่ข้างหมีในดิน
1170,ต้นไม้ที่มีดอกไม้มากมายเติบโตบนมัน
858,เชื้อราในขวดแก้ว
1046,ปลาฟอสซิลที่แสดงในพิพิธภัณฑ์
1329,หวายอยู่บนพื้นสีขาว
1860,ภาพกลุ่มมดที่คลานอยู่บนพื้น
533,ใบหน้าของวัว
1904,จิ้งจกอยู่บนหินทราย
311,แจกันสีน้ำตาลเรียงรายอยู่บนกำแพงมีตัวเลขบนพวกเขา
1207,สัตว์ตัวเล็กๆห่ออยู่ในผ้าห่ม
1169,คนจำนวนมากนั่งอยู่บนเวทีพร้อมเครื่องดนตรี
1902,งูสีดำและขาวนอนอยู่บนพื้นดิน
606,บันไดสีน้ำเงินและสีขาวหน้าอาคารสีน้ำเงินและสีขาว
1352,แมลงสีน้ำตาลกับดำอยู่บนใบเขียว
1661,ร่างกายขนาดใหญ่ของน้ำที่มีสะพานอยู่ตรงกลางของมัน
490,ผลไม้สีเขียวบนกิ่งไม้
871,อาคารสีเขียวและทองที่ด้านข้างของถนน
1525,ปืนอยู่บนกระดาษรูปคน
1498,จั๊กจั่นอยู่บนหิน
1367,สเต็กและแครอทบนจานที่มีมีดอยู่ด้านหลัง
189,ภาพขาวดำของสนามดินที่มีเนินเขาในพื้นหลัง
328,ร่างกายของน้ำที่มีต้นไม้ในพื้นหลัง
1471,ต้นกล้วยตรงกลางของสนาม
1806,จานอาหารกับกาแฟหนึ่งถ้วยบนโต๊ะไม้
1948,ร่างกายขนาดใหญ่ของน้ำที่มีต้นไม้อยู่ตรงกลางของมัน
863,ชามเงินและแก้วไวน์บนโต๊ะ
1078,มุมมองทางอากาศของอาคารสีขาวขนาดใหญ่ล้อมรอบด้วยต้นปาล์ม
1561,กลุ่มคนชุดสีขาวกำลังยืนและนั่ง
309,เมล็ดเมล็ดและถั่วบนกระดาษแผ่นหนึ่ง
359,ท่อขนาดใหญ่อยู่ด้านข้างของเนินเขาถัดจากโต๊ะปิคนิค
772,ผู้ชายนั่งโต๊ะกับแล็ปท็อปสองเครื่อง
1693,กบอยู่บนพื้นดินในใบไม้
1533,กลุ่มคนในเครื่องแบบสีขาวถือถาดอาหารใต้เต็นท์
305,เรือที่กำลังจะลงแม่น้ำที่มีเมืองในพื้นหลัง
156,จิ้งจกตัวเล็กๆอยู่บนหิน
1193,ไปที่ท็อปส์ซูของต้นไม้ในป่าที่มีท้องฟ้าสีฟ้าในพื้นหลัง
782,วัดไทยที่มีสีทอง ท้องฟ้าไม่มีเมฆ
936,สะพานไม้เหนือร่างกายของน้ำที่มีต้นไม้ในพื้นหลัง
439,จำนวนมากของลูกปัดห้อยจากเพดานในห้องพัก
944,ม้าที่ลากบนแสดงในอาคาร
91,เจ้าหน้าที่ตำรวจ3คนกำลังเดินไปตามถนน
1022,จานอาหารบะหมี่และผัก
806,หลายคนในเสื้อสีดำและหมวกสีฟ้ากำลังเตรียมอาหารที่โต๊ะ
1725,ลำธารที่วิ่งผ่านป่าสีเขียวเขียวชอุ่ม
54,ต้นไม้มากมายที่อยู่ข้างเนินเขา
13,กองหินขนาดใหญ่อยู่บนชายหาดถัดจากบ้าน
639,พืชที่อยู่ใกล้กับผลไม้
1252,รูปปั้นของชายคนหนึ่งที่มีสีทองบนใบหน้าของเขานั่งถัดจากขวดเหล้า
1102,ขวดน้ำและถุงข้าวอยู่บนโต๊ะถัดจากกระป๋องน้ำ
872,ระยะใกล้ของสัตว์ที่ตายแล้วบนพื้นผิวสีฟ้า
488,จิ้งจกนอนอยู่บนพื้น
1807,ถ้วยสีขาวที่มีช้อนอยู่บนโต๊ะ
362,หอยเม่นมากมายที่อยู่ใต้ท้องทะเล
528,พระพุทธรูปพระพุทธรูปขนาดใหญ่อยู่ตรงกลางห้อง
965,สองแมลงที่ยืนอยู่บนกิ่งไม้
395,รูปปั้นสีขาวและส้มอยู่ตรงกลางถ้ำ
1397,คนมากมายที่ยืนอยู่ใต้เต็นท์
819,ตะกร้าที่เต็มไปด้วยหินบนพื้น
1607,หอคอยสีขาวสูงมีด้านบนสีทองและธงอยู่ด้านบนของมัน
831,ต้นไม้ใกล้ๆกับดอกไม้สีเหลือง
1371,ว่าวที่บินในอากาศที่มีต้นไม้ในพื้นหลัง
1847,แมลงปีกแข็งอยู่บนเศษไม้
1812,คนถือตะกร้าใส่แอปเปิ้ลอยู่
1466,เบียร์หนึ่งแก้ววางอยู่บนโต๊ะถัดจากแจกันที่มีพืชอยู่ในนั้น
203,ผ้าทอที่มีสีสันหลากหลาย
1290,นกบินอยู่บนท้องฟ้ามีขนนกอยู่บนหลัง
1844,แมลงปีกแข็งอยู่ใกล้บนพื้นผิวมอสส์
793,โลกตรงกลางวงกลมที่มีหมอนสีดำรอบ
1858,เก้าอี้สองตัวและโต๊ะบนจอแสดงผลในห้อง
443,เห็ดสีเหลืองที่อยู่ใกล้กับพื้น
1971,หลายคนที่นั่งอยู่ที่โต๊ะในห้องที่มีดอกไม้กระดาษห้อยลงมาจากเพดาน
1919,เรือนกระจกที่มีพืชมากมายในนั้น
493,เค้กชิ้นนึงวางอยู่ข้างๆกาแฟถ้วยนึง
138,เนื้อเสียบไม้หลายชิ้นบนบลูเพลทข้างชามข้าวและซอสถ้วยเล็ก
556,ค้างคาววางอยู่บนพื้นดินที่มีมงกุฎบนหัวของมัน
1071,ลำธารที่วิ่งผ่านป่าสีเขียวเขียวชอุ่ม
530,ใบไม้มากมายวางอยู่ด้านบนของกันและกัน
598,ปลาตัวเล็กอยู่บนไม้บรรทัดสีขาว
821,สองถุงที่วางบนโต๊ะข้างเก้าอี้
1652,จั๊กจั่นอยู่บนไม้
204,หอยทากอยู่บนใบไม้
1216,กองก๋วยเตี๋ยวจากมะกะโรนีที่ไม่ได้ปรุงบนโต๊ะ
1709,เปลือกหอยสองชั้นและไม้บรรทัดสีดำ
1760,ดอกไม้เล็กๆอยู่บนกิ่งไม้
88,แพะที่มีเขายื่นออกมาจากโรงนา
126,พืชที่อยู่ใกล้กับใบไม้สีเขียว
1153,ต้นไม้ใกล้ๆกับใบไม้เขียวและขาว
562,พืชอยู่ในหม้อบนพื้น
410,กบอยู่บนใบไม้ในป่า
275,พืชที่กำลังเติบโตจากพื้นดิน
1923,แมลงปีกแข็งอยู่บนกิ่งไม้
522,กิ่งไม้ใกล้ต้นที่มีดอกไม้สีขาว
118,ลิงดำกับขาวห้อยอยู่บนกิ่งไม้
1872,เห็ดใกล้ๆถุงพลาสติก
170,ใบกล้วยกองใหญ่วางซ้อนกัน
1302,ต้นไม้ใหญ่กลางป่าตอนกลางวัน
885,เรือใบอยู่บนทรายที่ชายหาด
1036,ต้นไม้ใกล้ๆอยู่ตรงกลางทุ่ง
810,ถนนลูกรังตรงกลางสนาม
1912,ท่อที่อยู่ตรงกลางของกำแพงหิน
1266,วัวสีน้ำตาลสองตัวยืนติดกันกินจากชาม
1820,ฝูงวัวสีน้ำตาลยืนอยู่ด้านบนของทุ่งดินถัดจากป่า
284,ชามอาหารบนโต๊ะ
1419,กองอุปกรณ์ครัวสีขาวอยู่บนเคาน์เตอร์
1838,ประตูทางเข้าวัดมีถนน
1150,หอยเม่นมากมายอยู่บนก้อนหิน
752,ป้ายที่ด้านบนของภูเขาที่มีมุมมองของภูเขา
1925,ใบไม้และดอกไม้ของพืชที่มีบ้านในพื้นหลัง
1446,อาหารหลายขวดวางอยู่บนเคาน์เตอร์ในร้าน
186,อาหารใกล้ๆอยู่บนกิ่งไม้
1383,ซุปหนึ่งชามใส่เนื้อและผัก
180,ต้นไม้ที่ปลูกอยู่บนนั้น
227,ปะการังหลายปะการังที่ก้นบึ้ง
1621,ชามสีฟ้ากับขาวที่ใส่ข้าวกับผัก
961,ผลที่ใกล้เคียงกันบนพื้นผิวสีฟ้า
845,ตึกเล็กๆสีขาวมีหลังคาสีแดงอยู่ตรงกลางสวน
526,น้ำตกเล็กๆอยู่กลางป่าเขียวชอุ่ม
1194,งูสีดำอยู่ใกล้กับพื้นผิวสีขาวที่มีไม้บรรทัด
969,โต๊ะที่มีผำสีที่แตกต่างกันมากมาย
1240,จานอาหารที่มีปลาข้าวและแตงกวา
1654,ใบไม้ที่อยู่ใกล้กับพื้น
1468,สองกล่องที่อยู่บนพื้นถัดจากกัน
1728,วัวสีขาวที่มีเขาติดหัวมากกว่ารั้ว
1509,ระยะใกล้ของพืชที่มีพริกเขียวเติบโตบนมัน
22,วัวสีขาวในคอกสีแดง
1164,บันไดที่นำไปสู่อาคารวัดทรงไทยสีฟ้าและสีขาว
1977,กล่องสีดำและสีขาวอยู่บนแท่นสีขาว
647,ชามดำที่เต็มไปด้วยพาสต้าและผักบนโต๊ะ
403,ทุ่งหญ้าที่มีต้นไม้ในพื้นหลัง
1247,สองชามที่เต็มไปด้วยซอสและผัก
854,นกอยู่ในกรงที่แขวนอยู่บนต้นไม้
472,ลำธารที่วิ่งผ่านป่าสีเขียวเขียวชอุ่ม
349,เครื่องทำกาแฟที่ทำถ้วยกาแฟ
370,ค้างคาวที่ห้อยกลับหัวอยู่ในอากาศ
1261,ช้อนสีเหลืองและสีฟ้าบนจานสีขาวบนโต๊ะไม้
628,อาคารวัดทรงไทยสีฟ้าและสีขาว
1780,อาคารเล็กๆสีขาวที่มีหลังคาสีแดงบนเนินเขา
1751,แมลงปีกแข็งอยู่บนเปลือกของต้นไม้
557,ต้นไม้ใหญ่อยู่ตรงกลางที่จอดรถ
172,ประตูตรงกลางของถนนที่มีภูเขาในพื้นหลัง
657,บันไดสีแดงและทองที่นำไปสู่ด้านบนของอาคาร
36,ลิงนั่งอยู่บนกิ่งไม้
699,ชามซุปอยู่บนจานบนโต๊ะ
1690,ดอกไม้สีเหลืองที่มีผึ้งอยู่บนนั้น
507,วัวสีน้ำตาลยืนอยู่กลางป่า
1911,ใบสีเขียวที่มีหยดน้ำอยู่ติดกับหัวจ่ายน้ำดับเพลิงสีเหลือง
1012,นกอยู่บนกิ่งไม้
1942,ลำธารวิ่งผ่านป่าเขียวชอุ่มที่เต็มไปด้วยหิน
47,ริบบิ้นสีสดใสห้อยอยู่บนเพดานของร้านค้ากับคนที่อยู่ด้านหลัง
1609,ปลาที่กำลังว่ายน้ำในน้ำ
570,พืชที่มีใบสีเขียวและดอกไม้สีขาว
1080,ดอกไม้สีแดงที่เติบโตจากต้นกำเนิดของพืช
801,กระโหลกสัตว์ตายอยู่บนพื้นข้างไม้บรรทัด
1453,รูปปั้นมังกรสีน้ำเงินและขาวอยู่บนบันไดของอาคาร
30,กบอยู่บนใบไม้
1863,หินรูปหัวใจในหญ้า
623,ภาพกลุ่มช้างที่เดินผ่านป่า
341,อาคารสีขาวที่มีหลังคาสีทองอยู่ตรงกลางของสวน
588,กบอยู่บนใบไม้
928,ผีเสื้อสีขาวและสีน้ำตาลอยู่บนมอส
1655,ดอกไม้สีชมพูใกล้ๆกับใบสีเขียวในพื้นหลัง
1571,หารเสียบไม้หลายจานมีจานสีขาวบนโต๊ะ
873,ผู้ชายกับหมาสองตัวอยู่บนชายหาดริมน้ำ
1707,ต้นไม้ที่มีใบไม้อยู่ด้านหลัง
1333,จิ้งจกอยู่บนกิ่งไม้
691,กวางในป่าตอนกลางคืน
970,งูอยู่บนกิ่งไม้
1555,แมลงตัวเล็กๆบนพื้นติดกับแอปเปิ้ลที่กินไปครึ่งนึง
115,นกอยู่บนพื้นดินในดิน
1790,เปลือกหอยอยู่บนพื้น
629,ใบไม้ที่อยู่ใกล้กับพื้นและมีเห็ดสีขาว
1624,กลุ่มคนที่ยืนอยู่บนเวที
619,กิ่งของต้นไม้ที่มีใบไม้
1042,ทุ่งหญ้าภายใต้ท้องฟ้าที่มีเมฆมากมีสายไฟอยู่ด้านบน
272,ไฟที่ลุกโชติช่วงอยู่ในท้องฟ้ายามค่ำคืน
1612,แมลงมากมายที่เดินไปรอบๆบนพื้น
1870,กระถางต้นที่มีใบสีเขียวใบใหญ่
93,ชิ้นส่วนของไม้และเหรียญบนพื้นสีขาว
1400,กบแดงอยู่บนกิ่งไม้
720,ปั๊มน้ำตรงกลางของร่างกายของน้ำ
1454,อาคารสีขาวที่มีหลังคาสีแดงและนาฬิกาอยู่ด้านบนของมัน
604,อย่างใกล้ชิดจากพืชที่มีใบไม้และเต่าทองบนมัน
1314,ถ้ำที่มีลำธารออกมาจากมัน
1681,คนกำลังคุกเข่าอยู่ในป่า
997,พืชที่งอกออกมาจากพื้นดิน
215,นกสองตัวอยู่บนกิ่งไม้ที่มีเบอร์รี่อยู่ในจงอยปาก
1616,ชิ้นส่วนไม้ที่มีท่อยื่นออกมาจากมัน
1702,พืชเล็กๆที่เติบโตจากรอยแตกในหิน
1994,ดอกไม้สีขาวที่อยู่ใกล้กัน
627,ดอกไม้สีชมพูอยู่ในชามน้ำ
1660,รูปแผนที่บนผนัง
257,รูปปั้นอยู่ตรงกลางห้องมีดอกไม้มากมายอยู่บนพื้น
299,แมลงสีน้ำเงินอยู่บนแผ่นไม้
400,วัวสีน้ำตาลและสีขาวทุ่งหญ้าที่ด้านข้างของถนน
455,อาหารใกล้ๆบนใบกล้วย
797,ลิงนั่งอยู่บนกิ่งไม้
1281,ใกล้ๆของปลาในตาข่าย
1953,ผู้หญิงที่ทอผ้าบนผำ
427,ต้นไม้ล้มอยู่กลางทุ่ง
1961,หม้อและกระทะที่เต็มไปด้วยอาหารบนโต๊ะไม้
196,ต้นไม้อยู่ตรงกลางทุ่ง
87,สะพานไม้เหนือร่างกายของน้ำที่มีต้นไม้ในพื้นหลัง
1686,ช้างยืนอยู่ในน้ำข้างต้นไม้
127,หนอนดำกับขาวนอนอยู่บนพื้น
210,พืชที่มีใบสีเขียวอยู่ด้านหน้าและท่อสีฟ้าในพื้นหลัง
1373,ลิงนั่งอยู่บนพื้นดินพร้อมกับหัวของมันในมือ
1184,แพะที่ติดหัวของมันผ่านรั้ว
1954,เส้นทางที่นำไปสู่ยอดเขา
192,ถนนลูกรังกลางป่า
379,กบอยู่บนพื้นดินในดิน
1611,พืชสีเขียวจำนวนมากที่กำลังเติบโตบนพื้นดิน
636,งูที่ขดตัวอยู่บนพื้น
1187,สองคนที่ยืนอยู่ในเรือในน้ำ
177,กระทะและชามบนโต๊ะ
532,ถังสีฟ้าที่เต็มไปด้วยปลาอยู่บนพื้นดินติดกับถังอื่นๆ
1369,พืชเล็กๆที่เติบโตจากพื้นดิน
1910,ยีราฟสีขาวและดำห้อยอยู่บนต้นไม้
1700,ดอกไม้สีชมพูบานบนต้นไม้ใบเขียว
864,เรืออยู่บนชายหาดถัดจากน้ำ
1965,ใบไม้ที่อยู่ใกล้กับพื้น
1975,ทั้งผู้ชายและผู้หญิงที่กำลังมองอะไรบางอย่างในถัง
304,ดอกไม้สีขาวสองดอกที่เติบโตจากพืช
402,ขนมอบสี่ชิ้นวางอยู่บนจานไม้ถัดจากแจกันดอกไม้
9,ไร่สตรอเบอร์รี่ขนาดใหญ่อยู่กลางทุ่ง
1551,ป่าที่เต็มไปด้วยต้นไม้และพืชมากมาย
558,กลุ่มคนที่ยืนอยู่หน้าเต็นท์
1596,ร่างกายขนาดใหญ่ของน้ำที่มีน้ำจำนวนมาก
707,ต้นไม้ขนาดใหญ่อยู่กลางป่าที่มีภูเขาในพื้นหลัง
1754,ภาพกลุ่มของต้นไม้ที่กำลังยืนอยู่ในดิน
595,ผู้คนนั่งอยู่บนเก้าอี้หน้าเวทีกับผู้ชายที่ยืนอยู่หน้าเวที
1073,กบอยู่บนกิ่งไม้
1133,เรือจำนวนมากที่กำลังอยู่ในน้ำริมฝั่ง
369,คนนั่งอยู่บนม้านั่งหน้าภาพวาด
1467,ชายคนหนึ่งเทน้ำออกจากถังลงในเรือ
179,ใกล้ขึ้นของพืชที่ได้รับการขุดลงไปในพื้นดิน
1024,ผู้หญิงใส่หน้ากากหน้ายื่นของให้ผู้หญิงที่นั่งรถเข็น
124,กบอยู่บนใบไม้ในน้ำ
63,ชายคนหนึ่งกำลังวัดความสูงของต้นไม้ด้วยเทปวัด
609,กบอยู่บนใบไม้ในน้ำ
1463,กวางยืนอยู่บนพื้นในป่า
974,หินก้อนใหญ่ตรงกลางของกองดิน
1473,รูปปั้นทองอยู่ตรงกลางห้องเต็มไปด้วยตุ๊กตาแกะสลัก
1916,จานอาหารที่มีบะหมี่และเนื้อ
1219,ผู้หญิงใส่เสื้อสีน้ำเงินและผู้ชายใส่เสื้อเชิ้ตสีขาวและเนคไทด์สีดำ
1783,ศาลาทรงไทยสีขาว มีบันไดขั้นไป มีรูปปั้นนั่งอยู่
1305,กิ่งไม้ที่มีเปลือกหอยเกาะอยู่บนมัน
160,หัวหอมหั่นในชามบนโต๊ะ
1568,วัดไทยตรงกลางสวนมีต้นมะพร้าว
709,กลุ่มคนที่สวมหน้ากากนั่งอยู่ที่โต๊ะต่อหน้าผู้คน
839,หอนาฬิกาสีทองทรงไทยกลางเมืองตอนกลางคืน
1068,ก๋วยเตี๋ยวกับกุ้งกับผัก
977,ทางเดินที่นำไปสู่ถ้ำในป่า
250,น้ำจำนวนมากที่เจริญเติบโตในน้ำ
1883,ซูชิหลายชิ้นวางอยู่บนจานสีดำบนโต๊ะไม้
1083,จานอาหารบนโต๊ะผำสีฟ้าและขาว
1788,รูปปั้นมังกรสีน้ำเงินและขาวอยู่ด้านบนของบันได
502,รูปดอกไม้สีเหลืองแขวนอยู่บนต้นไม้
380,รูปปั้นของชายคนหนึ่งที่มีสีทองบนใบหน้าของเขา
357,ชายคนหนึ่งยิงปืนที่เป้าหมาย
812,ร้านค้าที่มีรายการมากมายอยู่ในนั้น
1828,ดอกไม้สีขาวอยู่ใกล้ๆบนต้นไม้
1196,รูปปั้นของผู้หญิงคนหนึ่งถือพัดลมอยู่หน้าตึก
1745,มือของคนใกล้ชิดถือต้นไม้
1415,ขยะมากมายบนชายหาดถัดจากน้ำ
467,รูปปั้นมังกรสีน้ำเงินและขาวหน้าอาคาร
1481,กลุ่มคนที่ยืนอยู่หน้าหัวดับเพลิงตอนกลางคืน
1890,กบอยู่บนใบไม้มีลูกบอลอยู่ในปาก
1487,อาคารสีเหลืองที่มีหลังคาสีแดง
48,รูปปั้นของผู้ชายนั่งอยู่บนเก้าอี้
1528,กระดานโต้คลื่นสีน้ำเงินและขาวสามแผ่นนั่งอยู่บนโต๊ะไม้
116,กองเงินหลายกองอยู่บนโต๊ะ
1045,เห็ดอยู่บนผิวสีฟ้า
1924,ห้องที่มีความยุ่งเหยิงมากมายในนั้น
951,ปลาจำนวนมากอยู่ในตะกร้า
836,อาหารหลายขวดวางอยู่บนเคาน์เตอร์ในร้าน
56,ดอกไม้สีขาวที่อยู่ใกล้กับหยดน้ำบนกลีบดอก
1798,น้ำจำนวนมากในร่างกายที่มีน้ำจำนวนมาก
1756,ประตูของอาคารไม้
516,ดอกไม้ขนาดเล็กสีแดงและสีขาวบนลำต้นของพืช
1893,ป่าเขียวชอุ่ม
263,รูปปั้นของคนนั่งหน้าดอกไม้มากมาย
1442,แมลงอยู่บนใบไม้
1997,คนมากมายกำลังเดินอยู่ในน้ำพร้อมกระเป๋าเป้
503,เสือกำลังเดินเข้าไปในป่า
1405,คนยืนอยู่รอบบอลลูนเป่าลมขนาดใหญ่ที่สว่างขึ้นในเวลากลางคืน
620,งูอยู่บนกิ่งไม้
1877,อาคารที่มีหลังคาสีแดงและผู้หญิงคนหนึ่งยืนอยู่หน้ามัน
850,จั๊กจั่นบนกิ่งไม้
835,ม้าสีน้ำตาลและสีขาวที่ยืนอยู่ในดิน
1991,ถุงใส่ส้มแห้งอยู่บนโต๊ะ
1003,สะพานไม้เหนือร่างกายของน้ำที่มีต้นไม้ในพื้นหลัง
894,แมลงอยู่บนใบไม้
392,ผีเสื้อสีม่วงอยู่บนพื้นผิวสีขาว
1423,แมลงสีเขียวอยู่บนเศษไม้
809,พระนั่งเรียงแถว
1353,ต้นไม้ที่อยู่ใกล้ๆกลางทุ่ง
1714,กองหินกองใหญ่อยู่ข้างถนนลูกรัง
1377,ูเขาในระยะทางที่มีถนนคดเคี้ยวในด้านหน้าและต้นไม้ในด้านหน้า
1049,เค้กชิ้นนึงใส่ซอสช็อคโกแลตโรยข้างบน
185,ต้นไม้จำนวนมากที่กำลังเติบโตในดิน
979,ต้นไม้ที่มีดอกไม้สีแดงและสีเหลือง
425,ตุ๊กตาแกะสลักสัตว์เรียงกัน
1140,ดอกไม้สีม่วง สีส้มและสีเหลืองลอยอยู่ในน้ำกับเทียนไฟ
988,ป่าจากด้านบนของเนินเขา
1885,จมูกของม้า
1982,นกสองสามตัวที่ยืนอยู่ในดิน
1746,ผู้ชายและเด็กเดินบนถนนสกปรก
1070,ต้นไม้มากมายที่เติบโตอยู่ข้างเนินเขา
449,สับขึ้นฉ่ายในชามโลหะบนโต๊ะ
1845,ถ้วยส้มที่มีช้อนอยู่ในนั้น
1549,ถ้วยเงินวางอยู่บนโต๊ะถัดจากถุงขนม
315,มุมมองของภูเขาและทะเลจากเรือ
656,พื้นที่ยิงเป้ามีหญ้าที่พื้น
1494,ต้นไม้มากมายที่เติบโตอยู่ข้างถนน
1631,คนสองคนสวมหน้ากากและยืนเคียงข้างกัน
134,ระยะใกล้ของพืชที่มีพริกเขียวเติบโตบนมัน
32,ผนังที่มีลูกปัดจำนวนมากห้อยอยู่จากมัน
1827,ฝูงปศุสัตว์กินหญ้าในทุ่งกลางป่า
1641,แม่น้ำกลางป่า
399,ปูอยู่บนพื้นใบ
340,ต้นไม้ใกล้ๆกับดอกไม้สีขาวและใบไม้เขียว
1287,ต้นไม้ที่ปลูกผลเบอร์รี่บนกิ่งไม้
1999,รูปปั้นของชายคนหนึ่งนั่งบนโต๊ะที่มีขวดน้ำอยู่ข้างหน้าเขา
1186,ป้ายตัวอักษรสีดำบนพื้นสีขาว
1334,ผักสีเขียวที่ปลูกอยู่บนพื้นดินในสวน
424,งานศิลปะที่ทำจากไม้เท้าบนหญ้า
1306,อาหารชิ้นหนึ่งที่ดูเหมือนช้าง
1086,ดอกไม้เล็กๆสีขาวที่เติบโตจากพื้นดิน
919,น้ำจำนวนมากที่มีพวงของต้นไม้ในพื้นหลัง
471,พืชที่เติบโตจากพื้นดินในป่า
1501,ดอกไม้สีขาวที่เติบโตจากพื้นดิน
146,วัดไทยที่มีบันไดขึ้นสู่มัน
1610,ันมีต้นไม้ขนาดใหญ่มีใบเขียวชอุ่มอยู่บนมัน
1168,นกหลายตัวบินอยู่เหนือน้ำ
1228,ใกล้ๆของมะเขือเทศที่แขวนอยู่บนต้นไม้
1628,วัวหลายตัวกินหญ้าในทุ่งหญ้าสูงที่มีต้นไม้ในพื้นหลัง
136,กิ่งของต้นไม้ที่มีใบไม้
738,ผู้ชายใส่หน้ากากยื่นของบางอย่างให้กลุ่มคน
814,อาหารใกล้ๆกับเนื้อและผัก
1637,ลิ้นชักที่มีตัวเลขบนนั้น
1835,ช้อนจำนวนมากแขวนอยู่บนผนังติดกับกัน
790,ผู้ชายและผู้หญิงยืนอยู่ในน้ำ
761,ผีเสื้ออยู่บนพื้นดินในดิน
500,เรือลำเล็กนั่งอยู่บนชายฝั่งของชายหาด
1143,หัววัวติดอยู่ข้างผนังซีเมนต์
1030,จิ้งจกอยู่บนพื้นใบไม้
10,กองของอาหารอยู่บนจานบนโต๊ะ
1635,จมูกของวัว
783,วัวตัวนึงยืนอยู่ในดินพร้อมกับมันกลับไปที่กล้อง
346,นกตายในแอ่งน้ำ
94,มุมมองของภูเขาจากด้านบนของเนินเขา
1087,สถานที่ก่อสร้างที่มีผ้าใบสีฟ้าคลุมอยู่
1248,เหล่านี้กำลังเล่นจานร่อนบนหาดทรายที่มีต้นไม้ในพื้นหลัง
770,ผู้หญิงสองคนสวมหน้ากากยืนเคียงข้างกัน
476,เครื่องประดับแก้วที่มีเมล็ดทานตะวันอยู่ภายใน
1044,โต๊ะแก้วพร้อมอาหารและกาแฟหนึ่งถ้วย
1039,โต๊ะแก้วพร้อมอาหารและกาแฟหนึ่งถ้วย
49,ชามสีดำที่เต็มไปด้วยข้าวและผักอยู่ด้านบนของโต๊ะ
1350,ชามสีขาวที่เต็มไปด้วยพาสต้าและเนื้อบนโต๊ะ
1950,สัญญาณอยู่ตรงกลางของสนามที่มีต้นไม้ในพื้นหลัง
1558,กบอยู่บนกิ่งไม้
1072,กองไม้ถัดจากกองฟืน
1013,กองดินสีแดงกองใหญ่อยู่ข้างถนน
1512,รูปแกะสลักม้ามีอานม้าอยู่บนหลัง
568,กบตัวเล็กๆอยู่บนโต๊ะไม้
417,แมลงตัวหนึ่งอยู่บนพื้นดินถัดจากหิน
671,กระดาษสีเหลืองติดอยู่ในรั้วลวด
1435,ดอกสีชมพูเล็กๆที่ปลูกอยู่บนลำต้นของพืช
251,พิซซ่าหลายกล่องและซอสอยู่บนของพื้น
1478,เครื่องดื่มในถ้วยพลาสติกที่มีฟางยื่นออกมาจากมัน
973,มือของคนถือถ้วยสีทอง รดน้ำต้นไม้
1283,ชิ้นส่วนไม้ที่มีใบไม้ยื่นออกมาจากมัน
355,ปลาที่ว่ายน้ำอยู่ในน้ำใกล้กับน้ำทะเลบาง
519,ต้นไม้ที่มีผลไม้สีเขียวติดอยู่
1759,ภาพชายคนหนึ่งยืนอยู่หน้าภาพวาด
68,ลำธารเล็กๆอยู่กลางป่าที่เต็มไปด้วยหินและพืช
1342,ชามสีฟ้าและสีขาวที่เต็มไปด้วยอาหารบนโต๊ะไม้
1282,รูปปั้นของคนนั่งอยู่บนม้านั่งหน้าตึก
121,ใกล้ตะกร้าสีเขียวที่เต็มไปด้วยมะนาว
1590,กบอยู่บนกิ่งไม้
1684,บ้านรังนกมีไม้แขวนอยู่ที่โครงไม้
1814,นกอยู่บนต้นไม้
1085,เวิร์คช็อปที่มีผลงานมากมาย
1508,ขวดของเหลวที่มีพริกกระเทียมอยู่ข้างใน
983,พวงของพืชที่แขวนอยู่บนชั้นวาง
729,นกอยู่บนหิน
1276,วัดที่กำลังสร้างมีป้ายเตือนสีแดงข้างๆ
800,นกอยู่บนพื้นดินถัดจากพืชบางชนิด
1431,เสือดาวกำลังเดินอยู่บนพื้นดินในป่า
913,อาหารหลายประเภทบนโต๊ะ
207,แผ่นขนมปังปิ้งบนเขียงถัดจากถ้วยกาแฟ
1480,ใกล้ปะการังที่มีปลาดาวอยู่ด้านหลัง
470,หินที่มีฟองน้ำสีฟ้าบนมัน
1565,นกอยู่บนกิ่งไม้
1993,งูคลานอยู่บนลำต้นของต้นไม้
1908,พืชที่มีใบสีเขียวและดอกไม้สีขาว
1064,ลำธารที่วิ่งผ่านป่าสีเขียวเขียวชอุ่ม
1682,ชิ้นส่วนของขนมปังที่ถูกตัดครึ่งและบนพื้นผิวสีฟ้า
736,คนถือชามที่เต็มไปด้วยสีเขียวและสีแดง
119,กบตัวเล็กๆอยู่บนใบไม้
1391,จิ้งจกนอนอยู่บนพื้นหิมะ
535,ชามไม้หลายใบวางซ้อนกันบนหญ้า
1603,ภาพกลุ่มแมลงเม่าในหิมะ
1620,คนมากมายนั่งอยู่ใต้ศาลาตอนกลางคืน
1303,หลายคนกำลังลุยในแม่น้ำกับตะกร้าและถัง
414,ผู้ชายใส่เสื้อสีน้ำเงินกับขาวส่งของให้เด็กในเก้าอี้สีเขียว
372,ใบไม้ใกล้กับต้นไม้ที่มีพื้นหลังพร่ามัว
695,จิ้งจกอยู่บนหิน
1522,ลำธารวิ่งผ่านป่าเขียวชอุ่มที่เต็มไปด้วยหิน
293,ภาพสัญลักษณ์หน้าตึกสีขาว
682,วัดไทยที่มีรถจอดอยู่ข้างหน้า
1793,ดอกไม้สีขาวอยู่ใกล้ๆบนต้นไม้
908,สองคนที่ยืนอยู่ในป่าด้วยกัน
667,จำนวนมากของปะการังที่กำลังเติบโตที่ด้านล่างของน้ำ
20,รูปปั้นของคนนั่งหน้าดอกไม้มากมาย
711,เห็ดขาวที่บนพื้น
1092,อาหารสีดำราดด้วยเนื้อและผักบนใบกล้วย
320,วัวจำนวนมากที่ยืนอยู่ในหญ้า
1385,ต้นไม้ขนาดใหญ่อยู่กลางทุ่งดิน
1792,กำแพงที่มีรูปภาพอยู่มากมาย
824,ดอกไม้สีชมพูมากมายที่กำลังเติบโตในน้ำ
387,ลิงนั่งอยู่บนกิ่งไม้
1773,ผีเสื้อกลางคืนอยู่ตรงขอบโต๊ะ
926,จักรยานอยู่บนชานชาลาถัดจากรถไฟ
1160,รั้วอยู่ตรงกลางของสนามที่มีทุ่งสีเขียวในพื้นหลัง
447,รูปปั้นของชายคนหนึ่งนั่งบนโต๊ะที่มีเทียนอยู่ข้างหน้าเขา
125,หม้อดินถูกวางไว้บนต้นหญ้าสีเขียวถูกปกคลุม
1288,ดอกไม้สีเหลืองเล็กๆอยู่บนลำต้นของพืช
50,แมลงตัวเล็กๆอยู่บนใบไม้
650,ถุงที่เต็มไปด้วยผักสีเขียวอยู่ข้างถนน
1767,ภาพวาดบนผนังของวัดพุทธ
698,กบอยู่บนใบไม้
935,สวนที่มีจำนวนมากของต้นไม้และพืช
446,ห้องเรียนที่มีโต๊ะมากมายและพัดลมเพดาน
1536,รูปปั้นทองอยู่ตรงกลางห้องเต็มไปด้วยตุ๊กตาแกะสลัก
778,คนถือกล่องพลาสติกที่เต็มไปด้วยดินและกะหล่ำดาวส้ม
1315,น้ำก้อนใหญ่อยู่กลางเหมือง
224,ดอกไม้ทะเลสีขาวและสีดำอยู่บนหิน
714,ดอกไม้สีขาวที่อยู่ใกล้กับผึ้งจำนวนมากบนมัน
1955,ร่างกายของน้ำที่มีต้นไม้ในพื้นหลัง
694,กล่องหวายที่มีดอกไม้อยู่บนนั้นอยู่ในหญ้า
1029,นกสีฟ้าขนาดเล็กและสีส้มเกาะอยู่บนกิ่งไม้
903,แนวปะการังที่มีดอกไม้ทะเลที่ด้านหน้า
1270,ชายคนหนึ่งถือนกขนาดใหญ่ในมือของเขา
1823,ชายคนหนึ่งยืนอยู่บนเรือตรงกลางของร่างกายของน้ำ
1451,นกยืนอยู่ในหลุมในหิน
902,มีดเล็กๆที่วางอยู่บนพื้นผิวสีแดง
1208,กลุ่มคนที่ยืนอยู่ในถ้ำ
599,แมลงตัวเล็กๆอยู่บนใบไม้
1103,กบอยู่บนพื้นดินในใบไม้
226,มุมมองใกล้ชิดของพืชสีเขียวที่เติบโตบนพื้นมหาสมุทร
199,คนสองคนกำลังเดินอยู่บนเส้นทางในป่า
603,ลิงอยู่บนกิ่งไม้
967,รถบรรทุกจอดอยู่หน้าบ้านข้างถนน
222,กระถางไม้วางอยู่บนโต๊ะถัดจากรูปผู้หญิงคนหนึ่ง
697,แท่นบูชาเล็กๆที่มีรูปปั้นอยู่ตรงกลาง
235,เครื่องบินที่บินข้ามภูเขาในวันที่มีเมฆมาก
97,กบอยู่บนพื้นดินในหญ้า
1939,เต็นท์อยู่กลางป่าที่มีภูเขาในพื้นหลัง
474,พืชเล็กๆที่เติบโตจากพื้นดิน
487,ชายคนหนึ่งยืนอยู่กลางป่ามีกองดินอยู่บนพื้น
1368,หลายคนกำลังเดินขึ้นและลงบันไดหน้าถ้ำ
1447,มุมมองทางอากาศของที่ดินฟาร์มที่ถูกน้ำท่วมกลางมหาสมุทร
1505,หลายคนนั่งรอบกองไฟในเวลากลางคืนพร้อมพระจันทร์เต็มดวงในพื้นหลัง
165,ตะเกียงโลหะขนาดเล็กนั่งอยู่ด้านบนของทุ่งสีเขียวเขียวชอุ่ม
102,โต๊ะที่มีชามอาหารอยู่ข้างถนน
213,และเทือกเขาจะปลิวว่อนกระจัดกระจาย
1552,ชามซุปกับจานอาหารบนโต๊ะ
1531,ช้างสองตัวที่ยืนอยู่ในป่าด้วยกัน
1409,ต้นไม้ใหญ่อยู่ตรงกลางถนน
314,บ้านหลังเล็กๆอยู่กลางป่า
211,ตึกเล็กๆที่มีรูปปั้นอยู่ด้านบนตรงกลางสวน
805,ผลไม้อยู่บนโต๊ะไม้
1969,คนจำนวนมากที่ยืนอยู่หน้าหน้าจอโปรเจ็กเตอร์
897,มุมมองของภูเขาที่มีต้นไม้
1755,ดอกไม้สีชมพูหญ้าสีเขียว
621,ภาพกลุ่มของวัตถุเก่าสีดำที่อยู่บนพื้น
1584,แมลงที่นอนอยู่บนพื้นบนใบไม้
1840,เสือตัวนึงกำลังกินสัตว์ตายอยู่บนพื้น
1052,ศาลาพิธีสีทองหน้าอาคารราชการในประเทศไทย
1808,ใบไม้อยู่ใกล้ๆกับแมลงติดอยู่
855,รถบรรทุกที่มีรถตักอยู่ข้างๆ
1062,ใบไม้ที่ติดมากับสีส้มติด
1120,นกบินอยู่เหนือน้ำมีภูเขาอยู่ด้านหลัง
497,วัวสองตัวที่ยืนอยู่ในพื้นที่ล้อมรั้ว
607,แมลงสีเขียวอยู่บนเศษไม้
1987,สองตะกร้าติดกันบนโต๊ะ
1488,ะเขือเทศหน่อไม้ฝรั่งและถั่วเขียวในซอสบนจานขาว
1861,ใกล้ขึ้นของดอกไม้ทะเลสีเหลืองบนแนวปะการัง
504,พืชจำนวนมากที่กำลังเติบโตอยู่ข้างภูเขา
1461,ชิ้นส่วนอาหารอยู่บนพื้นดิน
101,ดอกไม้สีแดงมีใบไม้สีเขียวอยู่ด้านหลัง
1312,ข้าวหลากหลายชนิดบนโต๊ะสีแดง
1517,กรงนกแขวนอยู่บนต้นไม้มีผลไม้มากมายในนั้น
70,วัวสีน้ำตาลนอนอยู่บนพื้นหญ้า
525,วิวเมืองจากด้านบนของเนินเขา
1915,ร่างกายขนาดใหญ่ของน้ำที่มีน้ำจำนวนมาก
463,พืชจำนวนมากที่กำลังเติบโตอยู่ข้างถนน
1683,ต้นไม้หน้าอาคารในเวลากลางคืนกับหอนาฬิกาในพื้นหลัง
795,ซุปกับก๋วยเตี๋ยวและเนื้ออยู่บนโต๊ะ
675,ขนมปังใกล้ก้อนบนใบกล้วย
909,วัวสีน้ำตาลที่มีเขาขนาดใหญ่ยืนอยู่ถัดจากกองของบันทึก
1127,นกอยู่บนต้นไม้
1034,พืชเล็กๆที่เติบโตจากพื้นดิน
237,ปลาและเนื้อถูกย่างบนเตาถ่าน
1470,จั๊กจั่นบนกิ่งไม้
83,ดอกไม้ที่อยู่ใกล้กับต้นไม้
776,แม่น้ำกลางป่า
312,เสือกำลังเดินผ่านหญ้าในป่า
342,ต้นไม้ที่มีดอกไม้สีม่วง
719,กบอยู่บนพื้นดินในป่า
1230,ฝูงปศุสัตว์กินหญ้าในทุ่งโล่งกว้างในวันที่มีเมฆมาก
198,ใกล้โรงงานที่มีดอกไม้อยู่ด้านหน้า
1357,ชายคนหนึ่งกำลังยืนอยู่บนสะพานในน้ำ
433,เรืออยู่บนทรายที่ชายหาด
1382,กบอยู่บนใบไม้
209,ผ้าเช็ดตัวสองผืนพับอยู่บนโต๊ะไม้
1886,ต้นไม้เล็กๆอยู่ตรงกลางทุ่ง
1053,อาหารหนึ่งชามที่มีเต้าหู้ถั่วงอกและบร็อคโคลี
253,ทุ่งหญ้าที่มีภูเขาในพื้นหลัง
1711,แมวนอนอยู่บนพื้นถัดจากรูปปั้น
163,นกอยู่บนกิ่งไม้
1871,ป้ายบนด้านข้างของถนนที่มีรถไฟในพื้นหลัง
174,จานอาหารบนถาดพร้อมชามซุปและชามข้าว
1548,นกอยู่บนกิ่งไม้
268,วัวสีน้ำตาลที่กินอาหารจากชาม
1148,ใกล้ใบไม้ที่มีรูอยู่
1990,อาคารขนาดใหญ่ที่มีหลังคาสีแดงอยู่ด้านบนของมัน
1489,หนูอยู่ในสนามหญ้าพร้อมกับหัวมันยื่นออกมาจากปากของมัน
1079,อาหารบนจานสีฟ้าที่มีกับเนื้อและผัก
958,กลุ่มคนที่นั่งอยู่บนพื้นหน้าเวที
1139,ปลาที่กำลังว่ายน้ำในน้ำ
151,ลำธารวิ่งระหว่างหินและหญ้า
1653,หลายคนยืนอยู่บนท่าเรือที่มีกระท่อมลอยน้ำ
1118,ทะเลสาบที่มีต้นไม้ในด้านหน้าและภูเขาในพื้นหลัง
1938,บ้านไม้ที่ด้านข้างของถนน
1076,แมลงอยู่บนกิ่งไม้
892,มหาสมุทรจากหาดหิน
1137,พระพุทธรูปกำลังนั่งอยู่บนแท่นบูชา
77,เทือกเขาที่มีภูเขาและป่าในพื้นหลัง
279,เค้กช็อกโกแลตจานนึงใส่น้ำตาลผง
454,คนมากมายยืนอยู่หน้าโต๊ะพร้อมเค้ก
1656,และภูเขาที่เกลื่อนกลาด
1000,ชามสีขาวที่เต็มไปด้วยข้าวเนื้อและผัก
1017,มอสปกคลุมหินอยู่กลางป่า
1866,ใกล้ๆกับคนที่ถือเห็ดไว้ในมือ
1539,ดอกไม้สีขาวอยู่ในถุง
1074,ชามสีขาวที่เต็มไปด้วยผักสีเขียว
1819,ต้นไม้กลางป่า
1966,หลายคนบนเรือลำเล็กในน้ำกับคนคนหนึ่งที่ด้านข้างของเรือ
569,ผลไม้ที่อยู่ใกล้ต้นไม้
1502,พืชสีเขียวที่กำลังเติบโตจากพื้นดิน
1940,สัญญาณอยู่ตรงหน้าต้นไม้ด้านข้างของถนน
1818,หญ้าสูงในด้านหน้าของสนามที่มีภูเขาในพื้นหลัง
347,ระฆังและพระพุทธรูปที่มีรูปปั้น
1358,รังนกอยู่บนพื้นในป่า
231,ชายคนหนึ่งที่ทำงานบนโครงสร้างไม้
238,ใบไม้ที่อยู่ใกล้กับพื้น
1698,ตอไม้ที่อยู่ใกล้กับมดคลานไปมา
1832,เรือนกระจกที่มีพืชมากมายในนั้น
1142,เทือกเขาที่มีภูเขาและป่าในพื้นหลัง
1743,พระพุทธรูปกำลังนั่งอยู่บนแท่นบูชาหน้ากำแพงหิน
1395,ใกล้ดอกสีม่วงบนใบไม้เขียว
1424,ห้องที่มีสิ่งของไม้มากมายอยู่ในนั้น
608,ดอกไม้อยู่ในแจกันบนโต๊ะ
1905,จานอาหารนึงที่มีกล้วยอยู่มีสองรูป
1346,ปะการังที่มีฟองน้ำอยู่
1582,ฝูงชนนั่งอยู่บนเก้าอี้สวมหมวกสีฟ้าและเสื้อสีเหลือง
1392,คนมากมายที่ยืนอยู่หน้าตึก
1708,ระยะใกล้ของดอกไม้สีเหลืองที่มีแมลงอยู่ด้านหลัง
23,ขนมอบสองชิ้นและโซดาหนึ่งแก้วบนถาดไม้
82,คนมากมายที่ยืนอยู่บนสะพานเหนือน้ำ
980,ผลไม้เน่าที่มีแมลงเกาะอยู่
302,ปลาชิ้นนึงที่ถูกหั่นครึ่ง
844,กบอยู่บนใบไม้ในหญ้า
438,ผีเสื้อสีขาวและสีดำอยู่บนผิวมอสส์
1122,หลายคนกำลังลุยในแม่น้ำกับตะกร้าและถัง
1119,ดอกไม้สีเหลืองเล็กๆที่เติบโตจากพื้นดิน
1913,สัญญาณว่าอยู่ข้างตึก
1465,มุมมองของภูเขามีกิ่งไม้อยู่ด้านหน้า
133,คนมากมายที่เล่นกับว่าวในสวน
596,แถวม้านั่งหน้าอาคารพระพุทธรูปพระพุทธรูปอยู่ด้านหลัง
1929,ดอกไม้สีชมพูที่เติบโตจากทราย
144,คัพเค้กหลายประเภทที่แสดงในเคสแก้ว
879,อาหารที่มีกับเนื้อกับเห็ด
546,แพะยืนอยู่ข้างเนิน
1777,ศาลเจ้าที่มีเทียนและรูปภาพบนผนัง
1647,ใบเขียวสีเขียวสามใบอยู่บนพื้นถัดจากไม้บรรทัด
72,อาหารที่มีผักและถั่ว ส้มตำ
1280,ระยะใกล้ของดอกไม้สีเหลืองในทุ่ง
1128,หมีดำนอนอยู่ในพื้นที่ล้อมรั้ว
154,ปลาจำนวนมากที่ว่ายน้ำในน้ำ
382,กลุ่มคนที่นั่งเรืออยู่ในน้ำ
1776,ระยะใกล้ของดอกไม้สีเหลืองที่มีใบสีเขียวอยู่ด้านหลัง
1639,ชิ้นไม้ที่มีลูกศรสีแดงชี้ไปที่ด้านบนของมัน
930,ตะกร้าบนโต๊ะ
255,ผู้หญิงตักมะกอกออกจากหม้อ
44,พืชที่อยู่ใกล้กับใบไม้สีเขียว
751,หินที่ปกคลุมด้วยมอสที่กำลังเติบโต
59,ภาพใกล้แมลงปีกแข็งอยู่บนพื้นผิวสีขาว
637,ระยะใกล้ของเท้าของนกบนพื้น
364,อาหารมากมายที่ปรุงบนเตาย่าง
1152,มุมมองของภูเขาจากด้านบนของเนินเขา
404,ลำธารวิ่งผ่านป่าเขียวชอุ่มที่เต็มไปด้วยหิน
430,กลุ่มคนที่ยืนอยู่ในน้ำ
412,ประตูทางเข้าวัดสีทองมีไฟสีเขียว มีถนน
1785,เหรียญอยู่บนหินทราย
316,และเทือกเขาจะปลิวว่อนกระจัดกระจาย
1054,วัตถุทรงกลมสีขาวที่มีคราบสีดําติดอยู่
1084,ชามของเนื้อบนโต๊ะ
69,น้ำตกกลางป่า
1666,รูปปั้นมังกรสีน้ำเงินและขาวอยู่บนบันได
1657,จานอาหารสีขาวที่เนื้ออยู่
822,พระพุทธรูปสีทองของพระพุทธเจ้าล้อมรอบไปด้วยรูปปั้นและรูปปั้นอื่นๆ
920,คนที่ใช้กล้องจุลทรรศน์
1921,ภาพเขียนของผู้หญิงคนหนึ่งสวมหน้ากากและนั่งบนพรมแดง
1557,หมาตัวนึงยืนอยู่บนพื้นหญ้าริมรั้ว
725,กบอยู่บนใบไม้
366,พืชที่อยู่ใกล้กับผลไม้
280,กลุ่มคนที่ยืนอยู่หน้าตึก
324,อาคารเก่าที่มีหอระฆังอยู่ด้านบนของมัน
1130,ภาพกลุ่มคนที่เอาอาหารออกจากชาม
991,กบอยู่บนกิ่งไม้
700,ชามโลหะขนาดใหญ่ที่เต็มไปด้วยผักสีเขียวอยู่ด้านบนของโต๊ะไม้
153,จักรยานที่จอดอยู่ด้านข้างของชานชาลารถไฟ
84,ภาพกลุ่มต้นไผ่ในป่า
1173,กบอยู่บนใบไม้มีลูกบอลอยู่ในปาก
773,พืชสีเขียวจำนวนมากที่กำลังเติบโตจากพื้นดิน
1931,งูอยู่บนพื้นดินในป่า
1284,แมลงสีน้ำเงินอยู่บนแผ่นไม้
1075,ใบไม้อยู่ใกล้ๆกับแมลงติดอยู่
1364,คนจำนวนมากที่ยืนอยู่ในลานจอดรถ
726,รูปแบบไม้ของเรือที่แสดงในพิพิธภัณฑ์
749,ต้นไม้ที่มีผลไม้จำนวนมากห้อยออกมาจากกิ่งไม้
1304,ปลาเล็กๆในตะกร้า
742,ลำธารที่วิ่งผ่านป่าสีเขียวเขียวชอุ่ม
1659,รูปใบกล้วยกองหนึ่งวางไว้บนโต๊ะถัดจากกระถางต้นไม้
665,ตะกร้าที่มีดอกไม้อยู่ด้านบน
1311,จิ้งจกอยู่บนต้นไม้
582,เสือชีตาร์ที่กำลังเดินผ่านป่า
673,ป้ายสีดำและทองอยู่หน้ารั้วสีขาว
545,กบสีเขียวอยู่บนหิน
1547,เปลือกที่มีหอยทากอยู่ภายในของมันบนพื้น
0,ม้ายืนอยู่ในดินพร้อมกับมันกลับไปที่กล้อง
574,ศาลาพิธีสีทองหน้าอาคารราชการในประเทศไทย และรูปผู้ชายในโปรเตอร์
847,ดอกไม้ขนาดเล็กสีเหลืองอยู่ตรงกลางของสนาม
240,โดนัทเรียงแถวอยู่ในวงกลมบนแผ่นอบ
731,ภาพกลุ่มมดที่อยู่บนพื้นดิน
1105,โลหะบนพื้นผิวสีแดง
1995,ดอกส้มเล็กๆที่เติบโตจากพื้นดิน
1211,ผู้หญิงยืนอยู่ข้างๆรูปปั้นผู้ชายสวมหน้ากาก
1564,จานอาหารที่มีเนื้อและผัก
1704,ทางเดินที่นำไปสู่อาคารที่มีปลูกองุ่นบนมัน
1493,กองไม้ไผ่ที่ซ้อนกันอยู่ด้านบนของกันและกันในด้านหน้าของต้นไม้
1190,โกศทะเลและโกศทะเล
1432,วัดไทยตอนกลางวัน
716,รูปปั้นอยู่หน้าตึกใหญ่ที่มีธงอยู่บนนั้น
789,ต้นไม้ที่ปลูกบนหิน
1332,กระท่อมเล็กๆที่ด้านข้างของเนินเขาที่มีต้นไม้ในพื้นหลัง
298,แถวของกระจกอยู่บนกองดิน
1293,พืชเล็กๆที่เติบโตจากพื้นดิน
1213,ดอกไม้สีแดงขนาดใหญ่อยู่ตรงกลางของพุ่มไม้
1829,เส้นทางดินอยู่ตรงกลางของสนามที่มีต้นไม้ในพื้นหลัง
1163,คนจำนวนมากที่ยืนอยู่ในน้ำที่มีตาข่าย
1697,วัดไทยตอนกลางวัน
491,บ้านจำนวนหนึ่งตั้งอยู่บนเป่า
1914,ไม้ที่ปกคลุมด้วยตะไคร่น้ำ
664,ปลาตัวตลกสองตัวอยู่ภายในดอกไม้ทะเลในน้ำ
1462,ชายคนหนึ่งกำลังยืนอยู่ในน้ำพร้อมกับไม้เท้า
338,ร้านค้าที่มีเสื้อผ้าแขวนจากเพดาน
1623,แมลงอยู่บนพื้นดินถัดจากต้นไม้
1006,รูปภาพมากมายบนผนังห้องเด็ก
214,ผู้คนจำนวนมากยืนหน้าเต็นท์
1848,หินขนาดใหญ่อยู่บนยอดเขาถัดจากรั้ว
1138,มุมมองของหนองน้ำที่มีป่าล้อมรอบ
1321,งูตัวนึงนอนอยู่บนพื้นดิน
24,มุมมองของภูเขา
1642,นกอยู่บนกิ่งไม้
1906,ระยะใกล้ของพืชที่มีใบสีเขียวขนาดใหญ่
1351,พืชที่อยู่ใกล้กับใบไม้สีเขียว
485,ตึกสีฟ้าและขาวด้านหน้ามีรูปปั้นมังกร
1407,ผู้หญิงสองคนสวมหน้ากากยืนเคียงข้างกัน
757,ลำธารที่วิ่งผ่านป่าสีเขียวเขียวชอุ่ม
1775,จิ้งจกอยู่บนกิ่งไม้
1710,พืชเล็กๆที่เติบโตจากพื้นดิน
6,จิ้งจกสีดำและขาวอยู่ที่กิ่งไม้มอสส์
943,แมลงจำนวนมากที่อยู่ในชามสีขาวบนโต๊ะ
1378,จักรยานที่จอดอยู่ด้านข้างของถนนหน้าต้นไม้
496,ผู้ชายไถนากับวัวสีน้ำตาล
288,แมลงตัวเล็กๆอยู่บนหินในถ้ำ
1239,อาหารชามที่มีเนื้อและหน่อไม้ฝรั่ง
1387,รูปลิงทารกยืนอยู่กลางฝูงลิง
1749,บ้านกลางป่า
906,ต้นไม้ใกล้ๆกับดอกไม้สีขาว
875,เวทีที่สร้างขึ้นสำหรับเหตุการณ์ทางศาสนา
375,ม้ายืนอยู่ในหญ้าโดยต้นไม้บางต้น
1739,หลุมในพื้นดินที่มีพืชที่เติบโตออกมาจากมัน
478,ห้องครัวร้านอาหารที่มีไฟออกมาจากเตาอบ
98,ปลาจำนวนมากที่กำลังปรุงในกระทะ
1713,ชายสองคนยืนอยู่ในห้องที่กำลังสร้าง
870,ดอกสีชมพูเล็กๆที่เติบโตจากใบเขียว
1014,กลุ่มคนนั่งอยู่บนพื้นดินด้านหน้าของกองหิน
1043,กาแฟหนึ่งแก้วนั่งบนโต๊ะหน้าหน้าต่าง
297,เด็กผู้ชายยืนอยู่ในน้ำพร้อมกับไม้เท้า
1131,ดอกสีชมพูเล็กๆอยู่ตรงกลางใบเขียว
40,ศาลเจ้าเล็กๆที่มีรูปปั้นของผู้ชายและผู้หญิงนั่งอยู่บนนั้น
1679,นกอยู่บนกิ่งไม้
1149,ดอกสีชมพูเล็กๆอยู่กลางหญ้าสูงๆ
743,หม้อดินอยู่บนพื้นผิวสีเขียว
1390,พาสต้าในชามแก้วที่แขวนจากตะขอโลหะ
1001,หมีตัวใหญ่กำลังเดินผ่านป่า
360,สมุนไพรและเครื่องเทศบนโต๊ะถัดจากชามพริกไทยกระเทียมและกระเทียม
1850,พืชเล็กๆที่เติบโตจากพื้นดิน
1515,ดอกกุหลาบสีเหลืองอยู่บนลำต้นใบเขียว
445,ปลาตัวหนึ่งกำลังว่ายน้ำอยู่ในน้ำใกล้กับปะการัง
555,กบอยู่บนใบไม้ในป่า
1535,ตั๊กแตนอยู่ด้านบนของพื้นดินมอสปกคลุม
436,กลุ่มคนที่ยืนอยู่ในทุ่งหญ้าสูง
787,คนจำนวนมากนั่งอยู่บนหินที่ขอบของน้ำ
429,วัตถุทรงกลมสีขาวที่มีคราบสีดําลอยอยู่
1762,ผีเสื้ออยู่บนดอกไม้ในหญ้า
1018,กระถางพืชที่มีน้ำและดอกไม้อยู่ในนั้น
710,2ร้านที่ว่ายน้ำในน้ำ
645,ซุปหนึ่งชามที่มีเนื้อและผักอยู่บนใบกล้วย
245,รือหลายลำจอดอยู่บนชายฝั่งของทะเลสาบที่มีภูเขาในพื้นหลัง
1016,เครื่องบดกาแฟอยู่บนโต๊ะไม้
1865,ชายคนหนึ่งยืนอยู่ข้างหลุมในป่า
1674,กลุ่มคนที่นั่งโต๊ะที่มีอาหารอยู่ข้างหน้า
939,ของปะการังบนพื้นมหาสมุทร
706,หมียืนอยู่ในน้ำข้างต้นตก
390,ดอกไม้ที่เติบโตจากพื้นดิน
139,ชายคนหนึ่งบนสกีน้ำตรงกลางของร่างกายของน้ำ
1095,เรือริมชายหาดริมน้ำ
1805,จานอาหารที่มีพริกและผัก
1801,พระพุทธรูปสีทองท้องฟ้าสีฟ้า
169,วัวสีน้ำตาลยืนอยู่หน้ารั้ว
654,กุ้งสุกสองจานบนโต๊ะไม้ และมือคนอยู่ข้างๆ
145,ทุ่งหญ้าที่มีบ้านในพื้นหลัง
1981,บางคนกำลังยืนอยู่บนสะพานไม้เหนือร่างกายของน้ำ
378,หมาตัวนึงยืนอยู่ในดินมีไม้ติดอยู่ที่ปาก
746,นกอยู่บนกิ่งไม้อยู่ตรงกลางของพืชบางชนิด
1226,คนมากมายและสุนัขบนชายหาดที่เล่นกับจานร่อน
1868,เสือกำลังเดินผ่านป่าตอนกลางคืน
1360,กระท่อมกลางป่า
1594,สุนัขกำลังเดินอยู่บนชายหาดริมน้ำ
982,สองคนที่อยู่บนเรือในน้ำ
150,หอนาฬิกาอยู่หน้าตึกตอนกลางคืน
1414,มุมมองของภูเขาจากด้านบนของเนินเขา
1491,ตะกร้าหวายอยู่บนหญ้าหน้ากำแพงสีเขียว
775,ระยะใกล้ของพืชพริกไทยเขียวที่มีหยดน้ำบนใบไม้
593,หนอนนอนอยู่บนพื้นดินในดิน
1662,พระพุทธรูปมากมายในลานหน้าวัดพุทธเจ้า
434,หัวฝักบัวแขวนจากเพดานในห้องน้ำ
624,น้ำขนาดใหญ่อยู่ถัดจากภูเขาที่มีเรืออยู่ในนั้น
352,ผู้ชายและผู้หญิงยืนอยู่ในน้ำ
717,สะพานไม้เล็กๆมากกว่าลำธารเล็กๆในป่า
1593,ดอกไม้สีขาวอยู่ใกล้ๆกับใบสีเขียวในพื้นหลัง
1724,หอนาฬิกาหน้าอาคาร
730,คนมากมายที่ยืนอยู่กลางสายฝนพร้อมร่ม
1192,แมลงปีกแข็งอยู่บนต้นไม้ที่ปกคลุมด้วยมอส
1742,แมลงที่อยู่ใกล้กับพื้น
1752,ประตูทางเข้าวัดมีถนน
1449,ภาพดอกไม้ทะเลที่ด้านล่างของแนวปะการัง
1526,หัวสัตว์ไม้ติดอยู่บนกำแพงของอาคาร
841,ต้นไม้ที่ด้วยดอกไม้สีม่วง
1962,ต้นไม้ที่มีใบไม้สีเขียวและดอกไม้สีขาว
1426,ผู้คนยืนหน้าตึกตอนกลางคืนพร้อมพระจันทร์เต็มดวงบนท้องฟ้า
1830,ตึกสีฟ้าและขาวที่มีนาฬิกาอยู่ด้านข้าง
534,จิ้งจกอยู่บนกิ่งไม้
1988,รูปเค้กที่ดูเหมือนทำจากไอซิ่งสีขาวและม่วง
1712,แมลงตัวเล็กๆอยู่บนพื้นผิวสีฟ้า
1236,น้ำตกกลางป่าสีเขียวเขียวชอุ่ม
1774,พระพุทธรูปพระพุทธรูปขนาดใหญ่อยู่ตรงกลางห้องสีฟ้า
1617,ชิ้นส่วนของหินที่มีการประทับบนมันฟอสซิล
1336,หัวจ่ายน้ำดับเพลิงสีแดงอยู่ข้างถนนสกปรก
1732,ภาพกลุ่มฟองน้ำบนแนวปะการัง
1524,ลำต้นต้นไม้กลางป่าในเวลากลางคืน
653,แมลงที่วางอยู่บนพื้นบนใบไม้
437,ทุ่งหญ้าสีเขียวขนาดใหญ่ที่มีต้นไม้ในพื้นหลัง
323,เรืออยู่หน้าภูเขา
648,วัวสีน้ำตาลที่กินอะไรบางอย่างด้วยปากของมัน
1032,ว่าวที่ลอยอยู่บนท้องฟ้าในวันที่ใส
1097,รูปปั้นอยู่หน้าตึกที่มีธงอยู่บนนั้น
663,ร่างกายขนาดใหญ่ของน้ำที่มีภูเขาในพื้นหลัง
271,แผงคอของม้าสีน้ำตาลบนตัวสีขาว
880,ต้นไม้ที่มีผลไม้ติดอยู่
1622,กลุ่มคนที่ยืนอยู่รอบโต๊ะที่มีจานอาหารอยู่ข้างหน้าพวกเขา
583,ภายในเรือนกระจกที่มีพืชจำนวนมากในนั้น
1106,บลูแอนด์ไวท์เพลทที่เสิร์ฟอาหารบนโต๊ะ
1082,กระรอกที่กินกล้วยอยู่บนพื้น
1738,หอยทากที่อยู่บนพื้นดิน
1753,นิ้วมือถือกิ่งไม้ที่มีเห็ดงอกออกมาจากมัน
1231,ตะกร้าใส่อาหารบนโต๊ะ
1129,งูตัวนึงนอนอยู่บนพื้นดิน
1932,กิ่งไม้สีน้ำตาลอยู่ในดิน
1428,จำนวนมากของปะการังที่กำลังเติบโตที่ด้านล่างของมหาสมุทร
1370,กลุ่มหอยเม่นบนพื้นมหาสมุทร
940,ตึกที่มีป้ายอยู่ด้านหน้า
1673,สลัดหนึ่งชามกับโซดาหนึ่งแก้วบนโต๊ะ
1784,ผู้หญิงนั่งอยู่บนเก้าอี้หน้าตึกสีชมพู
1459,หัวจิ้งจกระยะใกล้
1816,ต้นไม้ที่อยู่ใกล้กับดอกไม้สีแดง
1434,ต้นไม้ขนาดใหญ่ที่อยู่ตรงกลางของทุ่งสีเขียวชอุ่ม
975,น้ำตกเล็กๆอยู่กลางป่าเขียวชอุ่ม
1027,นกอยู่บนพื้นดินในป่า
780,รูปดอกไม้แห้งๆบนโต๊ะ
680,จานอาหารที่มีเนื้อและกะหล่ำปลี
1597,คนถือกิ่งไม้ในมือด้วยหยดน้ำบนมัน
1233,พืชที่มีเกล็ดหิมะติดอยู่
931,กองใหญ่ของพืชสีเขียวอยู่ตรงกลางของป่า
745,จำนวนมากของปะการังที่กำลังเติบโตที่ด้านล่างของมหาสมุทร
1458,จานอาหารที่ใส่กุ้งบร็อคโคลีแครอทและดอกกะหล่ำดอก
1613,จานอาหารที่มีก๋วยเตี๋ยวเนื้อและผัก
1761,ช็อกโกแลตชิปหนึ่งชามบนโต๊ะไม้
1553,ช็อคโกแลตหลายชิ้นวางอยู่บนโต๊ะถัดจากแผ่นกระดาษ
1894,แมลงอยู่บนใบไม้
896,ปลาขนาดใหญ่อยู่บนจานดำ
1500,สวนผักที่อยู่ตรงกลางของสนาม
547,ต้นไม้ที่มีผลไม้สีเหลืองอยู่บนนั้น
1497,ชามอาหารที่อยู่บนโต๊ะ
781,ลิงนั่งอยู่บนกิ่งไม้ในป่า
750,ดอกไม้สีม่วงที่มีใบสีเขียวในพื้นหลัง
1527,ต้นกล้วยแกะสลักที่มีการออกแบบ
333,ผู้ชายนั่งอยู่บนพื้นดินกลางป่า
1946,นกอยู่บนหินในน้ำ
1007,ผู้ชายและผู้หญิงโพสท่าสำหรับภาพหน้าประตูงานแต่งงาน
1444,ผู้หญิงคนหนึ่งยืนอยู่ต่อหน้าผู้คนมากมาย
489,รูปปั้นใหญ่ของผู้ชายนั่งอยู่บนตึก
889,ตึกเล็กๆสีขาวและทองอยู่ตรงกลางสวน
1060,โต๊ะที่แสดงในพิพิธภัณฑ์
499,จิ้งจกอยู่บนกิ่งไม้
840,ระฆังแขวนอยู่บนเสาพร้อมกับเขียนบนนั้น
1322,ไม้ที่อยู่ใกล้ๆกับมดคลานไปมา
1572,พืชเล็กๆที่เติบโตจากพื้นดิน
453,แม่กุญแจสนิมอยู่บนพุ่มหญ้า
330,กลุ่มคนที่นั่งอยู่บนหลังเรือในน้ำ
1116,ร่างกายขนาดใหญ่ของน้ำที่อยู่ตรงกลางของสนาม
937,ใกล้ต้นไม้ที่มีดอกไม้สีขาวและใบไม้เขียว
58,ชิ้นส่วนของพายบนจานสีขาวที่มีส้อม
815,ภาพกลุ่มเห็ดที่เติบโตจากพื้นดิน
90,หม้อสีฟ้าอยู่บนหญ้าในสนาม
616,ดอกสีม่วงเล็กๆที่เติบโตจากพื้นดิน
459,ภาพกลุ่มของเห็ดที่กำลังเติบโตบนหิน
551,อาคารขนาดใหญ่ที่มีหอนาฬิกาอยู่ข้างหน้ามัน
1115,นกอยู่บนต้นไม้
963,ร่างกายขนาดใหญ่ของน้ำที่อยู่ตรงกลางของสนาม
1294,ร้านใกล้ๆกับพริกหยวกเขียวที่กำลังปลูกอยู่
874,สระน้ำเล็กๆอยู่หน้าบ้านที่มีน้ำตกออกมาจากมัน
191,กบอยู่บนหินในน้ำ
1218,เห็ดอยู่บนพื้นดินในดิน
686,พืชสีเขียวที่กำลังเติบโตอยู่กลางทุ่ง
17,คนมากมายนั่งอยู่บนเก้าอี้ใต้เต็นท์กับผู้ชายที่ใส่หน้ากากหน้าคุยโทรศัพท์
295,รูปปั้นทองอยู่ตรงกลางห้องมีรูปบนผนัง
1484,ชายคนหนึ่งเดินสุนัขบนสายจูงตรงกลางของสนาม
1546,ต้นไม้ที่มีดอกไม้ในพื้นหลัง
701,เฟิร์นที่เจริญเติบโต
1418,แผ่นกระดาษที่มีรูเล็กๆอยู่ตรงกลาง
882,มปังชิ้นหนึ่งกับชีสละลายและต้นหอมบนจานสีขาว
1892,พืชที่อยู่ใกล้กับใบไม้สีเขียว
1217,ต้นไม้ที่อยู่ใกล้กับดอกไม้สีแดง
1398,กระสุนคลานอยู่บนต้นไม้มอสส์
1968,กิ่งไม้ที่มีขนสีขาวเกาะ
326,หัวจ่ายน้ำดับเพลิงที่มีสปริงอยู่ด้านบน
869,รูปปั้นของผู้ชายนั่งอยู่บนเก้าอี้ในห้อง
254,ต้นที่มีผลไม้เรียงรายอยู่ติดกันเป็นแถว
1094,ชิ้นส่วนของโลหะอยู่บนพื้นดิน
683,ผู้คนมากมายที่ว่ายน้ำในแม่น้ำในวันที่มีเมฆมาก
1618,วัวยืนอยู่ข้างต้นไม้
910,ต้นกล้วยมากมายที่เติบโตอยู่ข้างถนน
813,ขนมปังสองชิ้นบนแผ่นสีขาวและเครื่องปรุงสีเขียวและแดง
1541,ภาพใกล้ๆของปะการังในมหาสมุทร
1393,สุนัขตัวหนึ่งนอนอยู่บนพื้นหน้าเครื่องซักผ้า
1930,ศาลากลางสวน
662,ภาชนะพลาสติกที่ใส่มีทบอลกับข้าวโพดด้านบนของใบกล้วย
985,ไม้กระถางที่มีแท่งสีน้ำเงินยื่นออกมาจากมัน
826,แมลงปีกแข็งอยู่บนเปลือกของต้นไม้
1691,ผลไม้แดงที่อยู่ใกล้ๆบนกิ่งไม้
261,จานสีชมพูที่เต็มไปด้วยบะหมี่และผักบนโต๊ะ
259,งูวางอยู่บนพื้นด้วยหัวของมันยื่นออกมาจากปากของมัน
1136,ฝูงแมวงเกาะเป็นก้อน
1212,กลุ่มคนที่ยืนอยู่หน้าตึกสีขาวและทองขนาดใหญ่
597,หญ้าสูงที่ด้านข้างของถนนสกปรกในกลางป่า
1273,รูปคนไปดำน้ำกับชุดดำน้ำสีชมพู
274,ดวงอาทิตย์ที่อยู่บนท้องฟ้าเหนือภูเขา
881,เก่าของต้นไม้กลางป่า
286,ผลไม้เขียวที่อยู่ใกล้ต้นไม้
1615,เปลือกหอยสองชั้นติดกับไม้บรรทัดบนพื้นผิวสีขาว
1907,กระท่อมเล็กๆอยู่ตรงกลางทุ่งที่มีภูเขาอยู่ด้านหลัง
1403,แมลงปีกแข็งอยู่บนหินในดิน
942,ภาพโคลสอัพของหินที่มีรูปคนอยู่บนนั้น
1319,กล่องของบุหรี่อยู่บนชั้นวางในร้าน
1846,ดอกไม้สีเหลืองสองดอกที่ปลูกบนกิ่งไม้
1156,ผลไม้และผักหลายประเภทบนโต๊ะ
483,ประตูทางเข้าวัดมีถนน
1183,ต้นไม้จำนวนมากที่อยู่ตรงกลางของสนาม
1559,ดอกไม้สีขาวใกล้ๆกับใบไม้เขียว
1855,สุนัขยืนอยู่ริมกำแพงหินริมน้ำ
1182,วัวยืนอยู่หน้าบ้านที่มีหลังคา
577,ปืนครกดินเหนียวติดไม้อยู่บนพื้นหญ้า
448,ตึกที่มีป้ายอยู่ข้างหน้า
123,แจกันสีน้ำตาลเรียงแถวอยู่บนกำแพงสีขาว
784,ต้นไม้มากมายที่เติบโตอยู่ข้างเนินเขา
1124,เค้กแต่งงานที่มีการออกแบบสีม่วงและสีขาวบนมัน
548,สุนัขสามตัวนั่งอยู่ในพุ่มไม้ด้วยกัน
1215,หินหน้าอาคารสีแดงและขาว
669,ผักกาดหอมแถวที่ปลูกในทุ่งที่มีต้นไม้อยู่ด้านหลัง
276,สัตว์ตัวเล็กๆยืนอยู่บนพื้นหญ้า
1206,น้ำขนาดใหญ่อยู่ถัดจากหาดทราย
1340,เป็นวัดไทย หลังคาสีแดง
1181,ใบไม้ที่ตายแล้วบนพื้น
612,ร่มที่แขวนอยู่บนชั้นวาง
99,เปลือกหอยที่มีไม้บรรทัดอยู่ข้างหน้า
1037,เครื่องหมุนในโรงงาน
990,ทะเลสาบที่มีต้นไม้ในพื้นหลังและน้ำในพื้นหน้า
1399,ผักสีเขียวกองอยู่บนพื้นถัดจากผักกาดหอมถุง
614,แรดสองตัวในทุ่งหญ้าถัดจากตัวน้ำ
409,พืชที่มีใบสีเขียวขนาดใหญ่อยู่ตรงกลางของทุ่ง
1410,ภาชนะพลาสติกที่เต็มไปด้วยส้มปอกเปลือกและมะนาวชิ้นหนึ่ง
1899,ถุงที่เต็มไปด้วยแมลงอยู่บนโต๊ะถัดจากจานอาหาร
335,อาหารของเนื้อสัตว์ข้าวและผักในภาชนะพลาสติก
652,ร่างกายขนาดใหญ่ของน้ำที่อยู่ติดกับชายหาดที่มีหินในด้านหน้า
155,ดอกไม้เล็กๆที่ปลูกอยู่บนลำต้นของพืช
398,พื้นที่สวนที่มีรั้วไม้และพืชสีเขียว
345,จากอาหารที่มีเนื้อและผัก
733,กบอยู่บนลำต้นของพืช
1733,ไข่ที่ถูกปรุงในกระทะทอด
993,วัวขาวที่มีเขาติดหัวของมันผ่านรั้ว
949,กิ่งไม้ที่มีก้อนสีขาวขนาดเล็ก
1416,ไก่สี่ชิ้นบนโต๊ะ
1649,เวทีเล็กๆตั้งอยู่กลางเมืองตอนกลางคืน
732,บ้านไม้เล็กๆกลางป่า
495,กลุ่มคนมารวมตัวกันรอบชามอาหาร
900,บาร์เรลไม้นั่งอยู่บนทุ่งหญ้าปกคลุม
1464,แมงมุมอยู่บนพื้นดินในป่า
895,ชิ้นส่วนของทองบนพื้นผิวสีฟ้า
1474,สองหน้าต่างที่ด้านข้างของอาคารที่มีการตกแต่งสีทอง
1279,วัวสีน้ำตาลที่กำลังกินอาหารจากรางน้ำ
1088,หมูและไก่ในพื้นที่ล้อมรั้ว
31,ชายคนหนึ่งที่ทำงานกองพริกแดง
1554,ชิ้นส่วนไม้ที่ถูกตัดครึ่ง
1496,เห็ดกลุ่มใกล้ๆบนพื้น
442,แมลงตัวเล็กๆอยู่บนใบไม้
1736,ต้นไม้เงินที่มีโน้ตเงินติดอยู่
1573,หอยเม่นทะเลบนหินในมหาสมุทร
1033,เครื่องที่มีกระดาษม้วนอยู่
322,งูวางอยู่บนพื้นถัดจากเศษไม้
660,พืชจำนวนมากที่กำลังเติบโตในทุ่งหญ้า
1606,แมลงปีกแข็งบนพื้นผิวมอสส์
4,ตุ๊กตาหมีนั่งถัดจากชามใส่ผลไม้และผัก
553,แมวนอนอยู่บนผ้าห่มบนเตียง
1727,ชายคนหนึ่งกำลังยืนอยู่บนสะพานในน้ำ
538,ใบไม้ที่อยู่ใกล้กับผิวสีฟ้า
173,ถนนดินตรงกลางของทุ่งข้าว
120,ภาชนะพลาสติกที่เต็มไปด้วยอาหารอยู่ด้านบนของโต๊ะไม้
626,ชิ้นส่วนของเนื้อบนจานที่มีมะเขือเทศและแตงกวา
804,ประติมากรรมที่แสดงในพิพิธภัณฑ์
670,จิ้งจกอยู่บนกิ่งไม้
1441,ม้านั่งอยู่ตรงกลางสวนพร้อมป้ายบนนั้น
1786,พุ่มไม้ที่มีพริกเขียวเติบโตในนั้น
1602,ไปที่ลำต้นของต้นไม้ที่มีมอสเติบโตบนมัน
923,ภาพใกล้ๆของผลไม้ที่แขวนอยู่บนต้นไม้
1210,ภาพน้ำตกกลางป่า
883,ทุ่งหญ้าที่มีป้ายชื่อและกลุ่มคนที่ทำงาน
688,มือถือด้วงอยู่บนฝ่ามือของใครบางคน
1274,วัวที่มีเขาขนาดใหญ่ยืนอยู่ในป่า
405,กล้วยจำนวนมากที่ปลูกอยู่ด้านข้างของน้ำ
1048,ลำธารที่วิ่งผ่านป่าสีเขียวเขียวชอุ่ม
1299,ใบไม้ที่มีผลไม้อยู่บนนั้น
1882,เครื่องให้อาหารนกสามตัวแขวนอยู่บนกิ่งไม้
740,รูปปั้นของชายคนหนึ่งยืนอยู่หน้าตึก
1324,ภาพกลุ่มของเห็ดที่เติบโตบนกิ่งไม้
972,ผ้าที่ห้อยอยู่ที่หลังคาและมีเก้าอี้ที่ด้านล่าง
356,ตึกสีขาวที่มีม้านั่งสีแดงอยู่ข้างหน้า
1167,สัตว์ตัวเล็กนั่งอยู่บนโต๊ะไม้
450,ดอกไม้สีเขียวและสีเหลือง
918,ผู้หญิงคนหนึ่งในเสื้อสีแดงและเด็กผู้ชายในเก้าอี้สีฟ้าที่มีหน้ากากใบหน้า
1450,ผลเบอร์รี่เขียวที่อยู่ใกล้ต้นไม้
1023,แมลงสีน้ำตาลกับดำอยู่บนใบเขียว
319,ร่างกายเล็กๆของน้ำอยู่กลางป่า
756,คน3คนเดินข้ามแม่น้ำไป
1172,เรืออยู่บนน้ำหน้าเนินเขาที่มีธงอยู่บนนั้น
1544,รูปห้องสีชมพูที่มีรูปปั้นสีทองอยู่ตรงกลาง
1379,กลุ่มคนจำนวนมากยืนอยู่หน้าอาคารที่มีไฟไหม้ออกมาจากมัน
1658,กบอยู่บนพื้นดินในใบไม้
587,ผีเสื้ออยู่บนใบไม้บนพื้น
1813,กลุ่มคนที่นั่งอยู่บนพื้นในห้อง
1227,ผลเบอร์รี่เขียวที่อยู่ใกล้ต้นไม้
1737,กลุ่มคนที่นั่งอยู่บนม้านั่งหน้าภาพวาด
290,และในหมู่มนุษย์นั้นมีชนกลุ่มหนึ่งที่ยืนเบื้องหน้าไฟนรก
1625,หน้าต่างที่มีบานประตูหน้าต่างไม้อยู่ด้านข้างของอาคาร
249,วิวใกล้ๆของขาม้าและเท้า
517,ผลไม้สองชิ้นบนพื้นถัดจากไม้บรรทัด
1365,กลุ่มคนที่ถือเชือกลงไปในน้ำ
601,กลุ่มคนที่นั่งอยู่บนพื้นในห้องขนาดใหญ่
1093,นกสีฟ้าขนาดเล็กและสีส้มเกาะอยู่บนกิ่งไม้
114,จานสีขาวที่มีมะนาวอยู่บนโต๊ะ
52,แมลงตัวหนึ่งอยู่ข้างต้นไม้
912,ต้นไม้ใกล้ๆที่เติบโตจากพื้นดิน
66,หมู่บ้านเล็กๆกลางป่า
1980,ต้นไม้มากมายที่อยู่ข้างเนินเขา
167,เครื่องบินที่บินบนท้องฟ้าเหนือต้นไม้บางต้น
1879,กลุ่มคนที่นั่งอยู่ที่โต๊ะด้วยมือในอากาศ
941,โครงกระดูกไดโนเสาร์ที่แสดงในพิพิธภัณฑ์
1857,ปูอยู่บนพื้นดิน
1692,และในหมู่มนุษย์บางคนเคยเดินลุยน้ำอยู่ริมชายหาด
331,ดอกไม้สีชมพูและขาวบางดอกแขวนอยู่จากรั้วลวด
615,แมลงที่อยู่ใกล้กับพื้น
625,วัวจำนวนมากที่ยืนอยู่ในดิน
690,รถบรรทุกหลายคันจอดอยู่ข้างๆกันอยู่หน้าไซโลเมล็ดพืช
529,คนมากมายที่ยืนอยู่หน้ารูปปั้น
753,รูปปั้นอยู่หน้าตึกใหญ่ที่มีธงอยู่บนนั้น
371,ิดกลุ่มของดอกไม้สีขาวที่มีใบสีเขียวในพื้นหลัง
8,ถ้ำในที่มืดมีแสงออกมาจากมัน
216,นกอยู่บนกิ่งไม้
1198,คนสองคนยืนอยู่ข้างกันบนเนินเขาที่มีต้นไม้อยู่ด้านหลัง
689,กบอยู่บนผิวดำ
630,เขือเทศแตงกวาและกะหล่ำดาวอยู่ในชามบนโต๊ะ
1986,หนูตัวนึงนอนอยู่บนพื้นมีไม้เสียบอยู่ในปาก
130,บ่อกลางป่า
486,กระจกอยู่บนพื้นติดกับผนังที่มีการเขียนบนมัน
1174,ดอกไม้สีแดงอยู่ตรงกลางใบเขียว
1504,หมีตัวหนึ่งกำลังยืนอยู่ในน้ำโดยต้นไม้ที่ตกลงมา
1627,กลุ่มคนที่นั่งอยู่บนพื้นดินริมน้ำ
441,ตึกสีขาวและเหลืองอยู่กลางทุ่งดิน
765,หมียืนอยู่กลางป่า
592,ผลไม้สีดำจำนวนหนึ่งอยู่ข้างไม้บรรทัด
1021,หินก้อนใหญ่อยู่กลางลำธารมีน้ำไหลออกมาจากมัน
183,รูปปั้นทองอยู่ตรงกลางห้องเต็มไปด้วยตุ๊กตาแกะสลัก
1796,ชามสีขาวที่เต็มไปด้วยชีสหั่นอยู่ด้านบนของโต๊ะ
1566,คนสองคนนั่งอยู่ใต้ร่มที่ด้านข้างของภูเขา
267,บุคคลที่ถือตาข่ายเหนือของน้ำ
859,จิ้งจกอยู่บนกิ่งไม้บนพื้นหญ้า
907,ชายคนหนึ่งยืนอยู่ข้างตาข่ายในน้ำ
1874,ดวงอาทิตย์ที่ตั้งอยู่เหนือภูเขา
444,ผู้ชายที่มีเป้อยู่หลังเขาเดินอยู่ในป่า
1362,บางคนกำลังเดินผ่านทุ่งหญ้าสูงที่มีภูเขาในพื้นหลัง
851,งูตัวนึงนอนอยู่บนพื้นดิน
1286,ช้างตัวนึงยืนอยู่กลางทุ่ง
225,พืชสีเขียวที่มีดอกไม้สีขาวอยู่ตรงกลางของทุ่ง
232,นาฬิกาอยู่ด้านบนของอาคารที่มีต้นไม้ในพื้นหลัง
989,คนจำนวนมากที่ทำงานในดิน
426,กบตัวเล็กๆอยู่บนใบไม้
1543,งูตัวนึงนอนอยู่บนใบไม้
922,ทุ่งหญ้าสีน้ำตาลที่มีภูเขาในพื้นหลัง
723,จิ้งจกอยู่บนกิ่งไม้
64,ปลาอยู่ในน้ำ
651,กิ่งไม้สีน้ำตาลที่มีใบสีเขียวอยู่บนนั้น
1967,กระท่อมเล็กๆที่มีหลังคาของป่าอยู่กลางป่า
239,ชิ้นส่วนของเห็ดบนเปลือกของต้นไม้
1922,นกอยู่บนพื้นดินในป่า
590,แมลงปีกแข็งอยู่บนเศษไม้
1412,เครื่องหมายด้านข้างของอาคาร
350,สุนัขดำกำลังเดินอยู่ในป่า
317,ต้นกล้วยตั้งหลายต้นอยู่ข้างๆน้ำ
1873,ต้นไม้ที่มีด้วยดอกไม้สีม่วง
622,แปรงสีฟันจำนวนมากอยู่บนพื้นผิวสีฟ้า
1826,ตึกเล็กๆมีประตูสีแดงอยู่ตรงกลางสวน
422,เก่าของกลุ่มผู้ชายที่ทำงานบนเรือ
1853,พืชสีเขียวจำนวนมากที่กำลังเติบโตในหญ้า
1427,คนข้ามสะพานข้ามแม่น้ำ
1177,รูปปั้นมากมายอยู่หน้าตึกสีชมพูข้างถนน
1748,กบอยู่บนใบไม้บนพื้น
1789,จานอาหารที่มีก๋วยเตี๋ยวถั่วและเนื้อ
849,ดอกไม้สีขาวที่เติบโตจากพื้นดิน
3,จมูกของวัว
820,ร่างกายขนาดใหญ่ของน้ำที่มีคลื่นเข้ามาและออกจากมัน
1864,แมลงจำนวนมากที่วางอยู่บนพื้น
1104,ผลไม้สีเขียวและสีเหลืองอยู่บนต้นอินทผลัมที่ปกคลุมด้วยใบไม้
1947,วัวสีน้ำตาลยืนอยู่ข้างๆวัวเด็กในบริเวณรั้วรั้ว
1298,ดอกไม้สีขาวอยู่ตรงกลางของพุ่มไม้
1926,แก้วสีฟ้าที่มีฝาปิดอยู่บนหญ้า
774,ซุปหนึ่งชามใส่เนื้อและผัก
407,ร่างกายขนาดใหญ่ของน้ำที่อยู่ตรงกลางของสนาม
915,ชามซุปที่มีมีทบอลอยู่บนโต๊ะ
962,เห็ดสีเหลืองขนาดเล็กที่เติบโตจากพื้นดิน
1438,ดอกไม้สีชมพูอยู่ด้านบนของฟองน้ำสีน้ำเงินในมหาสมุทร
1404,กบสีเขียวอยู่บนหิน
914,โต๊ะที่มีเค้กอยู่ข้างหน้าคนกลุ่มหนึ่ง
1479,จิ้งจกตัวเล็กๆอยู่ข้างๆต้นไม้
1685,ถนนสกปรกอยู่ตรงกลางของทุ่งที่มีภูเขาในพื้นหลัง
1063,แก้วน้ำวางอยู่ด้านบนของเพลสเสื่อ
1951,พระพุทธรูปพระพุทธรูปแสดงอยู่ตรงกลางกลุ่มคน
460,ชายคนหนึ่งกำลังยืนอยู่ในน้ำพร้อมกับว่าว
685,ชายคนหนึ่งแต่งตัวเป็นแพทย์ยืนอยู่ มือของเขาชูนิ้ว
143,อาคารสีแดงและทองที่มีประตูอยู่ข้างหน้า
300,ลำธารวิ่งผ่านป่าเขียวชอุ่มที่เต็มไปด้วยหิน
12,ต่างหูคู่หนึ่งแขวนอยู่บนตะขอ
811,ชามโยเกิร์ตและขนมปังปิ้งบนจานไม้ถัดจากขวดเหล้า
262,ร่างกายขนาดใหญ่ของน้ำที่มีเกาะขนาดเล็กอยู่ตรงกลางของมัน
95,กล่องดำที่มีรูอยู่บนโต๊ะ
1269,ระยะใกล้ของต้นไม้ต้นที่มีมอสกำลังเติบโตบนมัน
524,แมลงที่ยืนอยู่บนพื้นหญ้า
861,จักรยานอยู่บนพื้นดินถัดจากชานชาลารถไฟ
1394,ตะกร้าหวายอยู่บนสนามหญ้าสีเขียวปกคลุม
1271,ทุ่งหญ้าสีน้ำตาลที่มีภูเขาในพื้นหลัง
42,วัวสีน้ำตาลยืนอยู่ในทราย
641,ไม้บนพื้นผิวสีฟ้า
457,ตะกร้าหวายวางอยู่ด้านบนของหญ้าสีเขียวปกคลุมโต๊ะ
511,อาคารสีเขียวที่มีหลังคาสีแดงอยู่ตรงกลางของป่า
1203,พุ่มไม้เล็กๆที่มีดอกไม้สีขาวอยู่ตรงกลางของทุ่ง
85,รัวซองต์อยู่บนจานข้างโยเกิร์ตชามนึง
1769,โดนัทมากมายอยู่บนพื้นหน้าหน้าจอโปรเจคเตอร์
1979,ภูเขาหมอกอยู่ในระยะที่มีต้นไม้อยู่ด้านหน้า
1341,ต้นไม้ที่งอกออกมาจากลำต้นของต้นไม้
334,ฟองน้ำสีส้มขนาดใหญ่อยู่ด้านล่างของพื้นมหาสมุทร
1959,วัดไทยตอนกลางวัน
43,ลิงตัวนึงนั่งอยู่หน้าประตู
1245,วัวสีน้ำตาลที่เดินอยู่รอบๆในดิน
1670,กวางกำลังเดินอยู่ในหญ้าตอนกลางคืน
313,องุ่นพวงอยู่บนพื้น
1900,ภาพใบหน้าของสุนัขที่ใกล้ชิดกัน
354,ของหวานสามอย่างบนจานสีขาวที่มีช็อคโกแลตราสเบอร์รี่และท็อปปิ้งอื่นๆ
461,วัดไทยตอนกลางวัน หลังคาไม้
584,ใกล้ต้นไม้ที่มีดอกไม้สีขาวและใบไม้เขียว
998,ม้านั่งอยู่ด้านบนของภูเขา
1952,ไม้ที่อยู่ใกล้กับหนอนที่คลานออกมาจากมัน
684,ลำธารวิ่งผ่านป่าเขียวชอุ่มที่เต็มไปด้วยหิน
1837,ถุงที่เต็มไปด้วยแมลงอยู่ด้านบนของโต๊ะไม้
396,ต่างหูคู่หนึ่งแขวนอยู่บนตะขอ
397,เส้นทางที่วิ่งผ่านถ้ำในป่า
391,เค้กที่ทำจากมนุษย์หิมะที่มีมงกุฎสีม่วงอยู่ด้านบนของมัน
67,หินอยู่ตรงกลางทุ่งหญ้า
1876,ลาย่างบนจานที่มีผักกาดหอมและมะเขือเทศบนโต๊ะ
351,น้ำจำนวนมากที่ยืนอยู่ในน้ำ
1941,ดอกไม้สีขาวอยู่ใกล้ๆกับใบสีเขียวในพื้นหลัง
1588,จิ้งจกอยู่บนหิน
960,พืชเล็กๆที่เติบโตจากดิน
1110,ตะกร้าหวายขนาดเล็กที่มีที่จับบนหญ้า
1158,ผักกาดหอมบนโต๊ะพร้อมซอสมะเขือเทศชามเล็กๆ
646,รถบรรทุกจัดส่งพร้อมกล่องในด้านหลัง
1380,ชิ้นส่วนของไม้ที่มีผลไม้บางชนิดอยู่
1114,เต่าทองที่อยู่บนใบสีเขียว
1875,สุนัขตัวเล็กยืนอยู่บนมือของบุคคลที่ถือเต่า
1296,กบอยู่บนใบไม้ในน้ำ
1055,ร่างกายเล็กๆของน้ำล้อมรอบด้วยต้นไม้ที่ด้านข้างของเนินเขา
1019,ก๋วยเตี๋ยวใส่ไก่กับผักโขม
1822,ตะไคร่ที่เติบโตบนเปลือกของต้นไม้
1355,กำแพงข้างถนนมีกระจกสะท้อน
1958,นกอยู่บนกิ่งไม้
1356,คนสองคนที่ล้างมือในน้ำ
266,ตึกสีขาวและแดงมีป้ายสีดำด้านหน้า
332,ผู้ชายคนนึงยืนอยู่ในห้องน้ำพร้อมท่อ
1694,พืชที่เติบโตจากพื้นดิน
142,ชามอาหารอยู่บนโต๊ะถัดจากแก้วเบียร์
61,พืชที่ปลูกจากชิ้นส่วนของไม้
65,เส้นทางดินอยู่ตรงกลางของป่าที่มีจำนวนมากของใบบนพื้น
368,ิดขึ้นของวอลล์เปเปอร์สีฟ้าและสีขาวที่มีรูปแบบบนมัน
337,พระพุทธรูปพระพุทธเจ้านั่งอยู่บนแท่นบูชาสีทอง
46,อาหารราดสามชิ้นบนจานสีฟ้าและขาว
270,ม้านั่งทำจากไม้ที่มีลักษณะเหมือนสุนัขบนหญ้า
1327,คนยืนอยู่บนแพในน้ำ
712,แก้วน้ำที่มีรูบนโต๊ะ
1040,รูปปั้นตั้งมากมายนั่งอยู่ในห้อง
563,กลุ่มคนนั่งที่โต๊ะหน้าคอมพิวเตอร์
1560,สายื่นออกมาจากน้ำต่อหน้าร่างกายของน้ำที่มีเรือใบในระยะทาง
764,หนองน้ำที่มีหญ้าสีเขียวขึ้นอยู่บนพื้น
520,วัวสองตัวที่กินอาหารจากชาม
759,บ้านรังนกทำหน้าตาเหมือนใบหน้าข้างถนน
523,แมลงกำลังอยู่บนใบไม้ในหญ้า
1135,หนูตัวเล็กๆอยู่บนแขนคนที่มีสเกลอยู่ในมือ
243,บ้านนกที่มีกังหันลมอยู่ด้านบน
1957,รูปปั้นของคนนั่งอยู่บนม้านั่งหน้าตึก
924,ต้นไม้ใกล้ๆกับดอกไม้อยู่
887,แมลงสีเขียวอยู่บนแผ่นไม้
544,ปะการังกับหอยเม่นและหอยเม่นทะเล
1220,แตงโมสีเหลืองที่ถูกตัดครึ่งบนโต๊ะไม้
571,แผ่นกระดาษที่มีดอกไม้และปากกาในพื้นหลัง
705,กลุ่มคนที่ยืนอยู่หน้าบอลลูนอากาศร้อน
1101,พืชที่อยู่ใกล้กับใบไม้สีเขียว
552,แจกันสีน้ำตาลขนาดใหญ่ที่มีฝาสีขาวอยู่บนแท่นไม้
108,คนมากมายนั่งอยู่รอบโต๊ะพร้อมตะกร้าเงิน
642,คนกลุ่มหนึ่งนั่งอยู่บนม้านั่งหน้าภาพวาด
1770,ลูกบอลสีขาววางอยู่บนชิ้นส่วนของปะการัง
536,บ้านมากมายบนชายฝั่งของทะเลสาบที่มีภูเขาในพื้นหลัง
477,บางคนกำลังเดินผ่านทุ่งหญ้าสูงที่มีต้นไม้ในพื้นหลัง
1422,กล้องนั่งอยู่บนขาตั้งด้านหน้าของเตียง
1041,แมลงสีดำที่อยู่บนไม้บรรทัด
244,วัวสีน้ำตาลที่เดินอยู่รอบๆในดิน
1705,คนที่สวมหมวกกันน็อกดำน้ำในน้ำ
164,หลายคนบนชายหาดที่เล่นกับของเล่นเป่าลม
1255,กลุ่มคนที่กำลังนั่งอยู่บนเวที
713,จานอาหารที่มีเนื้อและผัก
283,มุมมองของภูเขาจากด้านบนของเนินเขา
1896,ดอกไม้สีเหลืองใกล้กับใบไม้เขียว
80,ดอกไม้สีสดใสในถังบนโต๊ะหน้ากำแพง
456,หลายถาดของฮอทดอกแครอทและแตงกวาดองแสดงที่บุฟเฟ่ต์
452,ต้นไม้หลายต้นอยู่กลางทุ่งหมอก
1291,คนมากมายที่เล่นกับว่าวในสวน
576,งูสีเขียวที่ม้วนตัวอยู่บนกิ่งไม้
464,แมลงจำนวนมากอยู่บนกิ่งไม้
181,ตึกที่ถูกสร้างไว้ข้างเนินเขา
1289,ดอกไม้ขนาดเล็ก
1125,ดอกทานตะวันบานสะพรั่งอยู่กลางทุ่ง
481,สุนัขยืนอยู่บนหินข้างน้ำ
1189,ต้นไม้ดอกสีชมพูตรงกลางสวน
1716,พืชเล็กๆที่เติบโตจากกิ่งไม้
727,และภูเขาในระยะทางอันไกลโพ้นและต้นไม้ที่อยู่เบื้องหน้า
498,เครื่องจักรที่กำลังทำงานบนแผ่นกระดาษ
878,หนูตัวเล็กๆอยู่บนพื้นถัดจากเก้าอี้
1944,คนจำนวนมากยืนอยู่ในน้ำถัดจากรถบัสสีเหลือง
306,ไวท์เพลทราดสปาเก็ตตี้กับเนื้อบนโต๊ะ
1178,ปลาโลมาสีขาวว่ายน้ำในน้ำที่มีหัวมันยื่นออกมาจากน้ำ
1668,กลุ่มคนที่นั่งอยู่บนหินในน้ำ
1237,หัววัวที่อยู่ใกล้กัน
166,หม้อชาสีน้ำเงินและขาวและถ้วยบนหญ้า
1301,คนมากมายที่นั่งอยู่บนพื้นด้วยกัน
1483,รูปหอยนางรมบนจานสีฟ้า
788,แมลงปีกแข็งอยู่บนหินในป่า
1781,ชามสีดำที่เต็มไปด้วยอาหารอยู่บนโต๊ะ
1643,สัตว์บางชนิดกำลังกินหญ้าในทุ่งที่มีกระท่อมในพื้นหลัง
1747,ศาลานั่งอยู่กลางสวนตอนกลางคืน
769,พืชที่มีดอกไม้สีชมพูหน้าต้นไม้
1903,ขึ้นไปบนยอดไม้ไผ่สูงในป่า
1011,คนถือน้ำส้มแก้วหนึ่งอยู่หน้าไมโครเวฟ
1258,ต้นกล้วยมากมายที่ปลูกในทุ่งหญ้า
1113,ใกล้ๆปะการังและฟองน้ำ
876,กลุ่มหอยเม่นและหอยเม่นทะเลบนแนวปะการัง
1592,ลิงหลายตัวนั่งอยู่ในพุ่มไม้ด้วยกัน
1687,กระรอกที่ปีนขึ้นด้านข้างของต้นไม้
1430,พืชอยู่ในหม้อบนโต๊ะ
221,อาคารสีขาวและทองที่มีกระถางพืชอยู่ด้านหน้าของมัน
1530,โต๊ะเงินจำนวนมากและร่ม
674,เวลากลางคืนของกลุ่มคนที่ยืนอยู่หน้าไฟ
1532,พระพุทธรูปสีทองอยู่ตรงกลางห้องสีฟ้าและขาว
1067,ระยะใกล้ของพืชสีเขียวที่เติบโตบนหิน
1984,ลำธารวิ่งผ่านป่าที่เต็มไปด้วยมอสสีเขียวจำนวนมาก
1895,รูปปั้นสีเงินและทองขนาดใหญ่อยู่ตรงกลางห้อง
1630,ชามอาหารบนโต๊ะสีแดง
1600,งูตัวนึงนอนอยู่บนพื้นดิน
1578,ปะการังจำนวนมากกำลังเติบโตจากน้ำ
1047,ภาพใกล้ดาวสองดวงที่แขวนอยู่บนต้นไม้
678,คนมากมายนั่งอยู่รอบโต๊ะพร้อมเทียน
1375,กบอยู่บนกิ่งไม้
572,ทียนและดอกไม้จะถูกจัดเรียงในรูปร่างของหัวใจภายใต้เต็นท์
676,สัตว์มากมายที่เดินอยู่ในดิน
1758,ดอกไม้บานสะพรั่งอยู่ในสวน
106,ดอกไม้สีชมพูกำลังอยู่บนเสื่อไม้ไผ่หน้ากระถางต้นไม้บางกระถาง
655,คนถือถ้วยพาสต้ากับกุ้งและผัก
308,พืชที่เติบโตจากน้ำในกลางทะเลสาบ
816,สลัดในภาชนะโฟมที่มีไข่มะเขือเทศข้าวโพดผักกาดหอมแครอทและไข่ต้มแข็ง
1901,หนูห่ออยู่ในผ้าห่มและถือกรรไกรคู่หนึ่ง
932,น้ำขนาดใหญ่ที่มีเมฆบางส่วนในท้องฟ้า
107,ชายคนหนึ่งยืนอยู่หน้าฝูงชนนั่งอยู่บนเก้าอี้
796,สัตว์สีดำมีเขาอยู่ในน้ำ มีป่าล้อมรอบ
1263,กบอยู่บนพื้นดินในใบไม้
178,งูตัวนึงอยู่ข้างต้นไม้
957,รูปปั้นหินอยู่ใต้หลังคาโลหะในสวน
1589,ดอกสีชมพูบานอยู่บนลำต้นของพืช
1155,ชายคนหนึ่งยืนอยู่ข้างลำธารในป่า
1460,สองคนที่ยืนอยู่บนหินในน้ำ
692,ตะกร้าที่เต็มไปด้วยเครื่องมือไม้และเศษไม้
1081,จิ้งจกสีดำบนใบไม้สีน้ำตาล
281,กลุ่มคนที่ทำงานประติมากรรมทราย
1765,หารใกล้ๆมีหอยภู่ขาปูและแครอท
549,ตึกเล็กๆที่มีสุนัขเดินอยู่ข้างหน้า
51,ด้านบนของอาคารที่มีนาฬิกาอยู่ด้านข้างของอาคาร
638,จำนวนมากของสิ่งสกปรกบนพื้นในกลางของทะเลทราย
1766,งูตัวนึงอยู่บนหิน
343,กลีบกระเทียมอยู่บนใบไม้เขียวข้างกานพลูกระเทียม
1964,ดอกไม้ที่อยู่ใกล้กับต้นไม้
1109,บ้านนกที่อยู่ตรงกลางของสวน
1151,ภาพกลุ่มของผลไม้และผักบนเสื่อสีฟ้า
1456,ชามเล็กๆอยู่ด้านบนของหญ้าสีเขียวปกคลุม
1688,สัญญาณอยู่ตรงหน้าต้นไม้มีตึกอยู่หลังบ้าน
1614,จิ้งจกอยู่บนกิ่งไม้ปกคลุมมอส
321,ดอกไม้ที่อยู่ใกล้ต้นกำเนิด
1579,พืชที่อยู่ใกล้ๆที่ถูกกิน
605,ซุปกับเนื้อสัตว์และก๋วยเตี๋ยวที่มีตะเกียบอยู่ด้านข้าง
358,ประตูทางเข้าวัดมีถนน
995,กองไม้อยู่กลางป่า
672,ตึกเล็กๆสีขาวและแดงอยู่ตรงกลางสวน
1384,กลุ่มคนที่อยู่ในดิน
785,ไฟกลางทะเลสาบ
229,สองคนที่กำลังเดินผ่านทุ่งที่มีต้นไม้ในพื้นหลัง
159,รถสีขาวจอดอยู่หน้าตึกที่มีประตูสีแดง
81,ใบไม้ที่มีน้ำค้างแข็ง
5,พืชที่อยู่ใกล้กับใบไม้สีเขียว
591,ไวท์เพลทใส่เห็ดกับผักชีฝรั่ง
60,งูบนท่อนไม้
419,หนองน้ำและทุ่งหญ้า มีต้นไม้
421,ใกล้พื้นดินที่มีดินและใบไม้
1300,บ้านหลังเล็กๆอยู่ตรงกลางน้ำที่มีภูเขาในพื้นหลัง
531,วัวสีน้ำตาลและขาวที่มีเขาขนาดใหญ่
1161,ป่าชายเลนที่มีน้ำ
494,ระยะใกล้ของเห็ดบนกิ่งไม้
1741,มุมมองของภูเขาจากด้านบนของเนินเขา
968,มุมมองใต้น้ำของปะการังที่มีฟองน้ำและชีวิตทางทะเลอื่นๆ
1888,สัตว์หลายชนิดนอนอยู่ในทราย
877,ปะการังจำนวนมากกำลังเติบโตอยู่บนพื้นมหาสมุทร
1278,ภาพเก่าของชายคนหนึ่งยืนอยู่หน้าเรือขนาดใหญ่
1402,พริกสีแดงจำนวนมากที่ถูกวางจาน
1891,น้ำขนาดใหญ่ที่มีต้นไม้ในพื้นหลัง
1650,รูปปั้นอยู่ด้านบนของอาคารที่มีกางเขนอยู่ด้านบน
611,วัวสองตัวยืนอยู่ในทรายด้วยกัน
515,ซูชิหลายชิ้นวางอยู่บนจานสีดำถัดจากผักกาดหอมและผักกาดหอม
465,บ้านไม้ที่มีป้ายไม้อยู่ข้างหน้า
899,ถุงอาหารอยุ่บนโต๊ะ
1644,พืชขนาดเล็กที่มีดอกไม้สีม่วงเติบโตออกมาจากมัน
575,สระว่ายน้ำที่มีต้นปาล์มและดวงอาทิตย์
1202,ปลาย่างบนจานกับผักกาดหอม
696,สัตว์มากมายที่เดินไปรอบๆในป่า
1241,ต้นไม้มากมายอยู่ด้านข้างของเนินเขา
1309,แนวปะการังที่มีดอกไม้มากมายที่งอกออกมาจากมัน
1425,เครื่องบินลำสีม่วงและสีขาวบินอยู่บนท้องฟ้า
1791,ตึกสีขาวที่มีนาฬิกาอยู่ด้านบน
1,ชามอาหารมีผักและน้ำพริก
945,เครื่องบินลำหนึ่งบินอยู่เหนือเมฆ
408,เรือลำเล็กอยู่ตรงกลางของน้ำ
1665,กิ่งไม้ใกล้ต้นที่มีดอกไม้สีขาวขนาดเล็ก
1507,ดอกไม้สีชมพูใกล้ๆกับใบสีเขียวในพื้นหลัง
1262,วัวสีน้ำตาลที่มีเขาขนาดใหญ่ช
1782,เกวียนไม้ในศาลา
1787,ขนมปังและกาแฟบนถาดรองไม้
1629,เรือหลายลำจอดอยู่บนชายฝั่งของทะเลสาบที่มีภูเขาในพื้นหลัง
586,ดอกไม้ที่อยู่ใกล้ต้นไม้
1285,ปะการังที่ก้นทะเล
205,พืชจำนวนมากที่กำลังเติบโตภายในเรือนกระจก
509,จิ้งจกอยู่บนกิ่งไม้
384,พืชกระถางหลายกระถางอยู่บนพื้นดินถัดจากคู่ของเครื่องทำสวน
1763,ภาพดอกไม้ทะเลสีฟ้าบนแนวปะการัง
1066,ผู้ชายสองคนยืนอยู่หน้าเจดีย์ขาวและทอง
1516,วงของหัวหอมแดงในตะกร้าหวายอยู่ด้านบนของโต๊ะ
1574,ก้อนหินขนาดใหญ่ที่ด้านข้างและที่ราบตรงกลาง
1998,ประติมากรรมมังกรสีน้ำเงินและขาวอยู่หน้าตึก
1729,มุมมองของภูเขาจากด้านบนของเนินเขา
1538,ลูกโอ๊กติดผนังติดกับผนังสีขาว
1331,วัวสีน้ำตาลยืนอยู่ข้างต้นไม้ในป่า
71,มุมมองของภูเขาจากด้านบนของเนินเขา
1734,ผู้ชายคนหนึ่งกำลังนั่งอยู่กับชามอาหาร
256,รูปปั้นของคนนั่งอยู่บนม้านั่งหน้าตึก
208,ตึกที่มีป้ายอยู่ด้านหน้า
754,กาแฟอยู่บนโต๊ะถัดจากหนังสือ
1031,อาคารเล็กๆสีขาวที่มีหลังคาสีแดงอยู่ตรงกลางของสนาม
1974,หนอนดำตัวเล็กๆอยู่ในฝ่ามือของคน
1396,ซุปหนึ่งถ้วยที่มีเนื้อและบะหมี่อยู่ในนั้น
747,ของชิ้นส่วนของหินที่มีอาหารมากมายภายในมัน
1366,ศัตรูจักจั่นอยู่ใกล้กับเปลือกต้นไม้
1188,ดอกไม้เล็กๆสีขาวที่เติบโตจากหม้อ
131,เมล็ดพืชบนพื้นสีฟ้า
1645,ชามอาหารวางอยู่บนโต๊ะถัดจากแก้วน้ำ
1715,ระยะใกล้ของดอกไม้สีแดงมีใบสีเขียวอยู่ด้านหลัง
1917,ดอกไม้สีเหลืองเล็กๆที่เติบโตจากพื้นดิน
1537,กระรอกขนาดเล็กนั่งอยู่บนเก้าอี้สีแดง
96,ต้นไม้มากมายที่เติบโตอยู่ข้างเนินเขา
92,แม่น้ำเล็กๆไหลผ่านกลางทุ่งดิน
228,จิ้งจกตัวเล็กๆอยู่บนกิ่งไม้
721,อุโมงค์ถ้ำในป่า
817,ม้าสองตัวที่เดินผ่านทุ่งโคลน
1292,ดอกไม้สีขาวเล็กๆที่เติบโตบนลำต้นของพืช
1511,ประตูไม้ที่มีการแกะสลักอยู่ด้านนอกของมัน
1992,ดอกไม้ใกล้ๆต้นๆที่อยู่บนใบไม้
117,จานอาหารสีขาวบนโต๊ะพร้อมกาแฟและฮอทดอกและไข่
161,กลุ่มคนมารวมตัวกันรอบโต๊ะพร้อมจานอาหารและเทียน
190,ดอกไม้สีม่วงที่เติบโตจากทราย
1794,ปลาย่างบนจานสีขาวบนโต๊ะ
1121,แจกันแก้วอยู่บนโต๊ะถัดจากกระดาษ
1038,แมลงที่วางอยู่บนกิ่งไม้
1696,นกอยู่บนพื้นดินในป่า
1028,ดอกไม้สีชมพูอยู่ตรงกลางบ่อที่เต็มไปด้วยน้ำ
868,คนถือชามที่มีส่วนผสมของอาหารอยู่ในนั้น
1963,อาคารเล็กๆสีขาวที่มีหลังคาสีแดงที่ด้านข้างของถนน
585,อาคารสีแดงและทองที่มีขั้นตอนที่นำไปสู่มัน
406,พืชสีเขียวจำนวนมากที่กำลังเติบโตบนพื้นดิน
75,กบอยู่บนใบไม้ในน้ำ
1928,ใกล้ต้นไม้ที่มีดอกไม้สีขาวและใบไม้เขียว
105,ชายคนหนึ่งกำลังยืนอยู่บนเรือในน้ำ
1165,ระยะใกล้ของลูกปัดที่ห้อยมาจากเชือก
1209,ถ้วยอาหารกับโต๊ะอยู่ติดกัน
327,แมลงสองตัวอยู่บนกิ่งไม้
739,ผู้ชายที่นั่งอยู่หลังรถกระบะ
744,ตระกร้าเต็มไปด้วยคนผมแดงสดอยู่บนพื้นดิน
89,บ้านไม้ที่มีป้ายไม้อยู่ข้างหน้า
1731,น้ำขนาดใหญ่ที่มีต้นไม้ในพื้นหลัง
33,พุ่มไม้ที่มีดอกไม้สีชมพูเติบโตที่ด้านข้างของถนน
86,ตึกเล็กๆ มีป้ายอยู่ที่ประตู
905,ดอกไม้สีขาวที่มีศูนย์สีเหลืองอยู่ตรงกลางของสนาม
550,คนถือแตงกวาอยู่ในมือ
1123,ดอกไม้บนต้นไม้ที่มีท้องฟ้าสีฟ้าในพื้นหลัง
329,ชายคนหนึ่งขี่สเกตบอร์ดลงกลางถนน
1771,แรดสองตัวในทุ่งหญ้าถัดจากตัวน้ำ
1722,ลำธารที่วิ่งผ่านป่าสีเขียวเขียวชอุ่ม
1619,เครื่องจักรในโรงงานที่มีตาข่ายห้อยอยู่จากเพดานของมัน
734,ผู้ชายถือกองไม้บนหลัง
1338,มุมมองของภูเขาจากด้านบนของเนินเขา
964,ชามสีแดงที่เต็มไปด้วยชีสหั่นอยู่ด้านบนของโต๊ะ
187,กลุ่มคนที่นั่งอยู่ที่โต๊ะยาวในห้องประชุม
220,ภาพหมียัดไส้ในตะกร้าที่ด้านข้างของรั้วไม้
768,ตึกที่มีป้ายอยู่ข้างๆตึก
1935,ต้นไม้มากมายอยู่กลางป่า
718,หอยขนาดใหญ่อยู่ด้านล่างของพื้นมหาสมุทร
1523,ดอกไม้ที่อยู่ใกล้ต้นกำเนิด
140,ตึกขนาดใหญ่สีดำกลางป่า
1235,ใบไม้ที่อยู่ใกล้กับผีเสื้อสีน้ำตาลบนมัน
74,ถ้วยชากับจานรองแก้วอยู่บนพื้นหญ้า
704,กลุ่มคนที่ใส่หน้ากากยืนต่อหน้าผู้คน
363,ดอกไม้ที่อยู่ใกล้ต้นไม้
1586,ถ้ำที่มีรูอยู่ตรงกลาง
837,แมลงจำนวนมากที่อยู่ในชามบนโต๊ะ
247,ค้างคาวเล็กๆที่อยู่ในมือของใครบางคน
1091,กบอยู่บนใบไม้
344,ดอกไม้สีขาวอยู่ใกล้ๆกับใบสีเขียวในพื้นหลัง
1374,ปลาโลมาที่ว่ายน้ำในน้ำด้วยหัวของมันยื่นออกมาจากน้ำ
1145,พระพุทธรูปสีทองขนาดใหญ่อยู่ตรงกลางห้อง
1005,ภาพวาดบนผนังของอาคารที่มีผู้ชายและผู้หญิงเล่นเกมจานร่อน
1956,เห็ดบนพื้นในป่า
137,แจกันสีน้ำตาลบางแจกันเรียงรายอยู่บนกำแพงสีขาว
148,ชนะพลาสติกสองกล่องที่เต็มไปด้วยอาหารบนโต๊ะสีขาว
289,ชามสีเขียวที่เต็มไปด้วยถั่วเขียวอยู่ด้านบนของจานสีเขียว
348,กลุ่มคนที่ยืนอยู่ในน้ำ
451,ไฟกลางทะเลสาบ
1898,ระยะใกล้ของพืชเหยือกที่เติบโตจากพื้นดิน
1778,วัวขาวที่มีเขาติดหัวของมันผ่านประตู
703,จิ้งจกนอนอยู่บนพื้นข้างขาคน
318,แมลงอยู่ด้านข้างของต้นไม้
122,หญ้าสูงในพื้นหน้าของพื้นที่ป่าที่มีต้นไม้ในพื้นหลัง
1740,เห็ดแดงอยู่บนพื้นดิน
1214,กระบอกไม้ไผ่ที่ห้อยด้วยเชือกสีฟ้า
1869,หินในน้ำที่มีเปลือกหอยอยู่
866,ทางเดินอยู่ตรงกลางของสวนที่มีพืชมากมาย
589,ดอกไม้สีเหลืองดอกเดียวตรงกลางของทุ่งหญ้า
633,ใกล้ชิดของคนลูบม้าขาว
37,แมลงปีกแข็งสีน้ำเงินอยู่บนเศษไม้
724,ไม้ที่ปิดด้วยรูเล็กๆสองรูบนพื้นสีฟ้า
1945,ชายสามคนยืนอยู่บนถนนที่เต็มไปด้วยโคลนถัดจากรถ
1176,ใบไม้ที่มีแมลงติดอยู่
537,ศาลาพิธีสีทองหน้าอาคารราชการในประเทศไทย
7,ภาพวาดบนผนังเหนือประตู
1973,สองคนที่ยืนอยู่ในน้ำที่มีตาข่าย
492,บลูแอนด์ไวท์ใส่มะม่วงชิ้นนึง
1111,จิ้งจกอยู่บนกิ่งไม้ปกคลุมมอส
1550,ต้นไม้ที่มีใบไม้และดอกไม้
748,ต้นไม้ขนาดใหญ่อยู่ตรงกลางของสวนที่มีบ้านในพื้นหลัง
1989,ผู้ชายขี่ม้าอยู่บนชายหาดในมหาสมุทร
1824,ทางเดินไม้ตรงกลางของสวน
1388,พระพุทธรูปพระพุทธรูปอยู่ตรงกลางห้องพร้อมรูปภาพบนผนัง
152,ชายคนหนึ่งยืนอยู่ข้างต้นไม้เล็กๆตรงกลางของทุ่งหญ้า
1897,อาหารหลายประเภทบนเคาน์เตอร์ในร้านอาหารนี้
518,สุนัขนั่งอยู่บนพื้น
1260,ดอกไม้สีม่วงในตะกร้าหวายบนโต๊ะหน้าอาคาร
1330,ลูกปัดแขวนอยู่บนเพดานในห้องนี้
1834,เขื่อนที่มีน้ำออกมาจากมันและต้นไม้ในพื้นหลัง
830,คนเดินอยู่กลางแม่น้ำ
1648,ผู้ชายนั่งคุกเข่าอยู่บนพื้นหญ้าด้วยกล้องและเต่า
339,ใบไม้ใกล้ๆที่มีแมลงสีส้มขนาดเล็กอยู่
1640,ร่างกายขนาดใหญ่ของน้ำที่อยู่ตรงกลางของสนาม
540,รูปปั้นของผู้ชายนั่งอยู่ตรงมุมห้อง
1811,ฮอตด็อกอยู่บนจานกับชามของซุปในพื้นหลัง
1472,อาคารที่หรูหรามากที่มีบันไดจำนวนมาก
610,ดอกไม้ที่อยู่ใกล้ต้นไม้
365,ต้นไม้ที่มีดอกไม้สีเหลืองอยู่ตรงกลางของสนาม
176,พืชที่ปลูกอยู่ข้างต้น
827,ดอกไม้สีขาวและสีแดงมีใบสีเขียวในพื้นหลัง
217,ห้องครัวสกปรกที่มีจำนวนมากของสิ่งบนเคาน์เตอร์
799,วัวสามตัวที่ยืนอยู่ในพื้นที่ล้อมรั้ว
1061,สัตว์ตัวเล็กๆกำลังเดินอยู่ในป่า
1636,พระอาทิตย์ตกในระยะทางที่มีต้นไม้ในด้านหน้า
794,บุคคลที่ยืนอยู่บนหินที่มีป้ายติดอยู่กับมัน
999,สองคนที่ยืนอยู่บนเวทีหน้าภาพวาด
798,ชามหวายอยู่บนสนามหญ้าสีเขียวปกคลุม
1825,ตึกสีขาวขนาดใหญ่ที่มีหลังคาสีแดงอยู่ตรงกลางของลานบ้าน
1884,ไม้บรรทัดและผลไม้สีแดงบนโต๊ะ
147,ไปที่ลำต้นต้นไม้ที่มีมอสและตะไคร่น้ำบนมัน
1521,สัตว์ตัวเล็กๆนอนอยู่บนผ้าเช็ดตัวในมือของใครบางคน
1831,สองครึ่งของผลไม้หลงใหลบนจานที่มีช้อน
388,จิ้งจกเล็กๆอยู่ด้านบนของหินมอสปกคลุม
1328,กิ่งไม้ใกล้ต้นที่มีเบอร์รี่อยู่บนนั้น
462,นกอยู่บนดอกไม้
201,โคนต้นหอมสีเขียวในตะกร้าหวายอยู่ด้านบนของโต๊ะไม้
600,พืชที่เติบโตจากพื้นดินอยู่ตรงกลางของสนาม
1633,วัวที่กินอาหารจากชาม
468,แท่งยื่นออกมาจากชามใหญ่
1339,ตึกที่มีป้ายบอกทางด้านข้าง
617,ชายคนหนึ่งกำลังยืนอยู่บนเวทีหน้าภาพวาด
1253,กำแพงหินที่ถูกสร้างขึ้นมาอยู่ข้างๆมัน
1117,กบตัวเล็กอยู่บนพื้นดิน
1297,ดอกสีชมพูเล็กๆที่ปลูกอยู่บนลำต้นของพืช
594,หอยเม่นอยู่ใต้ท้องทะเลมากมาย
1726,งูนอนอยู่บนพื้นหญ้า
413,หัวจ่ายน้ำดับเพลิงสีแดงอยู่ข้างถนนสกปรก
1676,อาคารสีขาวขนาดใหญ่ที่มีด้านบนสีทองอยู่ตรงกลางของสวน
1317,ดอกไม้เล็กๆสีขาวที่เติบโตจากพื้นดิน
512,ผ้าที่ห้อยอยู่ที่หลังคาและมีเก้าอี้ที่ด้านล่าง
901,นกเกาะอยู่บนต้นไม้กลางป่า
1344,ชายคนหนึ่งนั่งอยู่บนม้านั่งที่มีเท้าของเขาขึ้นในอากาศ
741,เห็ดอยู่บนพื้น
767,แมลงดำกับขาวมีจุดแดงที่ขาหลัง
26,ถ้วยพลาสติกที่มีสติกเกอร์อยู่บนใบกล้วย
175,เห็ดที่เติบโตจากพื้นดิน
763,ใบสีแดงที่มีรูบนมันวางอยู่บนพื้นดิน
11,พระพุทธรูปสีทองขนาดใหญ่อยู่ตรงกลางตึก
825,ภาพขาวดำของต้นไม้ที่ไม่มีใบไม้
1389,แนวปะการังที่มีปลาอยู่ในนั้น
103,แมลงอยู่บนพื้นดินข้างใบไม้
1764,ร่มสีขาวที่ห้อยเงิน อยู่บนโต๊ะเขียว
1492,หน้าต่างสีทองและสีแดงอยู่ด้านข้างของอาคาร
1575,ตัวอักษรโลหะcใกล้ๆบนผำสีแดง
1862,จานอาหารที่มีบะหมี่และผัก
1221,แม่น้ำกลางทุ่งหญ้า ที่มีเขื่อนกันไว้
976,รูปปั้นของผู้ชายและผู้หญิงนั่งบนโต๊ะหน้าผ้าปูโต๊ะสีแดง
416,เจดีย์สีขาวสูงมียอดแหลมมีผ้าสีเหลือง สีทอง
1772,เก่าของศาลเจ้าเล็กๆกลางดึก
171,วัดไทยสีขาวตอนกลางวัน มีหน้าต่างสีทอง
1246,กลุ่มคนที่ยืนอยู่ในน้ำพร้อมกับจานร่อน
1651,เก่าของฟาร์มที่มีต้นไม้และภูเขาในพื้นหลัง
1833,กล้วยหนึ่งจานกับมันฝรั่งหนึ่งถ้วยบนโต๊ะ
1856,ไม้สองแท่งวางอยู่บนหญ้าที่อยู่ติดกัน
1918,กลุ่มคนที่ยืนอยู่รอบโต๊ะที่มีอาหารอยู่
1983,ผลไม้ชิ้นเล็กๆอยู่บนพื้นดิน
1570,อาคารสีเขียวและสีเหลืองที่มีหลังคาสีแดงอยู่ตรงกลางของป่า
287,ดินสออยู่ในถุงพลาสติกบนโต๊ะ
644,ใบไม้อยู่ใกล้ๆกับแมลงติดอยู่
1004,ภาพโคลสอัพของกระสุนคลานบนพื้นดิน
766,ภาพทางเข้าของรีสอร์ทที่มีธงบินในอากาศ
687,ลิงอยู่บนพื้นดินในดิน
1569,เก่าของบันไดกลางป่า
1721,ไม้ที่มีขนาดใกล้เคียงกับไม้สีส้ม
510,กระสุนคลานอยู่บนต้นไม้มอสส์
53,กระรอกที่กินกล้วยอยู่บนพื้น
469,ดอกไม้สีขาวอยู่กลางทุ่ง
1455,ชายคนหนึ่งนั่งอยู่บนม้านั่งที่ด้านข้างของเนินเขา
1257,วัวสีน้ำตาลสองตัวที่เดินด้วยกันในดิน
1996,เค้กบนโต๊ะต่อหน้าคนกลุ่มหนึ่ง
1267,เห็ดที่บนพื้นผิวสีฟ้า
1436,คนถือผักกาดหอมชิ้นหนึ่งมีเนื้อและผักอยู่
1562,เหรียญเล็กๆอยู่บนใบไม้กองหนึ่ง
1675,สุนัขนั่งอยู่บนหินริมน้ำ
807,ใบไม้อยู่ใกล้ๆกับแมลงติดอยู่
561,ม้าที่ดึงรถเข็นบนพื้นปูกระเบื้อง
219,ระยะใกล้ของเห็ดบนพื้น
579,สัตว์ตายอยู่บนพื้นดิน
898,ชายคนหนึ่งอยู่บนเรือลำเล็กในน้ำ
415,รูปปั้นอยู่ตรงกลางของพื้นที่สกปรกที่มีต้นไม้อยู่ด้านหลัง
758,ผีเสื้ออยู่บนใบไม้บนพื้น
1839,จิ้งจกตัวอยู่บนตะไคร่น้ำ
269,รูปปั้นนั่งอยู่ตรงหน้าถ้ำ
1204,กบอยู่บนพื้นดินถัดจากใบไม้บางใบ
1485,แมลงที่มีสีสันอยู่บนผิวมอสส์
959,มีดที่วางอยู่บนพื้นผิวสีแดง
1323,แม่น้ำที่มีภูเขาในพื้นหลัง
917,เกาะเล็กๆอยู่ตรงกลางของน้ำขนาดใหญ่
981,บ้านกลางป่าที่มีแม่น้ำอยู่ข้างหน้า
728,หีบไม้เก่าอยู่บนหญ้า
1205,ต้นกล้วยที่ออกผลเป็นเครือตั้งแต่ยอดจรดโคนต้น
927,ชามเงินที่เต็มไปด้วยขนมและขนมแท่งที่ด้านข้างของถนน
202,กบอยู่บนหิน
265,เกี๊ยวอยู่บนโต๊ะพร้อมรับประทาน
1632,ดอกไม้สีเหลืองอยู่ตรงกลางใบเขียว
1224,ดอกไม้สีเหลืองอยู่ตรงกลางใบเขียว
277,สัตว์สองตัวที่กินหินบนพื้น
514,ฝูงชนเดินไปตามถนนด้านหน้าชิงช้าสวรรค์
1669,รูปปั้นผู้ชายขี่ม้าอยู่หน้าศาลา
1316,ต้นไม้ใหญ่ที่มีดอกไม้สีส้มอยู่ตรงกลางสวน
1180,กองโดนัททอดบนจานสีแดงและสีขาวบนโต๊ะไม้
832,ต่างหูคู่หนึ่งที่มีหินสีดำห้อยอยู่จากพวกเขา
1849,จานอาหารบนโต๊ะพร้อมชามซุปข้าวและตะเกียบ
194,เต่าทองสองตัวอยู่บนเศษไม้
580,แผ่นที่ที่มีสีเขียวสีเหลืองสีแดงและสีขาว
475,กบอยู่บนกิ่งไม้
1545,ชิ้นส่วนของไม้ที่ถูกตัดครึ่งและวางบนพื้นผิวสีแดง
1134,ต้นไม้ที่มีดอกไม้สีขาวและสีแดง
888,รูปปั้นทองของผู้หญิงถือมืออยู่หน้าตึก
916,กลุ่มคนที่เดินอยู่บนถนนดินในป่า
411,หลายคนทำงานในทุ่งข้าวในวันที่แดดออก
1359,อาคารสีชมพูที่มีท้องฟ้าสีฟ้าในพื้นหลัง
838,จานอาหารบนโต๊ะไม้พร้อมน้ำอัดลมแก้ว
1421,ชายคนหนึ่งกำลังปีนขึ้นด้านข้างของภูเขา
829,บอลลูนร้อนที่มีพระจันทร์เต็มดวงในพื้นหลัง
925,แมลงปีกแข็งสีดำอยู่บนไม้บรรทัด
1556,เมล็ดพืชบนพื้นสีน้ำตาล
911,ดอกไม้สีเหลืองและใบไม้สีเขียว
1730,อาหารทอดบนจานกับซอสจิ้มอยู่ด้านหลัง
1490,ชายคนหนึ่งยืนอยู่ข้างๆสัตว์ตายในน้ำ
1376,อาหารทอดและซอสจิ้มชามเล็ก
223,คัพเค้กหกชิ้นในกล่องที่มีฉลากอยู่
432,แมลงอยู่บนใบไม้เขียว
1540,ผู้ชายคนนึงกำลังถ่ายรูปด้วยกล้อง
956,แมลงตัวอยู่บนไม้
659,พระพุทธรูปกำลังนั่งอยู่บนโต๊ะ
294,การออกแบบลายไทยสีฟ้า
1803,พืชหลายแถวที่กำลังเติบโตในทุ่งหญ้า
1887,เครื่องบินลำหนึ่งบินบนท้องฟ้าเหนือภูเขา
1222,ปลาจำนวนมากที่ว่ายน้ำในน้ำ
1320,บางคนกำลังเดินผ่านทุ่งหญ้าสูงที่มีต้นไม้ในพื้นหลัง
361,ฝูงวัวดำและขาวทุ่งหญ้าที่มีบ้านในพื้นหลัง
1195,ดอกไม้สีขาวอยู่ใกล้ๆกับใบสีเขียวในพื้นหลัง
236,มะนาวในชามสีขาวบนโต๊ะไม้
677,ปะการังหลายประเภทที่ด้านล่างของมหาสมุทร
1166,กระถางที่มีดอกไม้สีชมพูอยู่ในนั้น
1576,เห็ดจำนวนมากที่เติบโตจากพื้นดิน
1310,ต้นไม้มากมายที่เติบโตอยู่ข้างเนินเขา
285,กะโหลกสัตว์ตายบนพื้นที่มีกระดาษอยู่ข้างๆ
1051,เสือดาวกำลังเดินอยู่บนพื้นดินในป่า
1272,จิ้งจกอยู่บนพื้นใบไม้
1175,ถ้ำที่มีการสร้างหินขนาดใหญ่อยู่ตรงกลาง
21,ม้าที่กำลังเดินอยู่ในป่า
565,สะพานสีแดงข้ามสระน้ำเล็กๆในสวน
373,ชิ้นส่วนของหินเล็กๆอยู่ตรงกลางของทุ่งหญ้า
996,เปลือกหอยอยู่บนทรายของชายหาดที่มีรอยเท้าในทราย
1077,ปูสีแดงอยู่บนโต๊ะ
1495,งูวางอยู่บนพื้นด้วยหัวของมันยื่นออกมาจากปากของมัน
182,กระท่อมกลางป่า
113,เครื่องดื่มสองแก้ววางอยู่บนโต๊ะข้างกัน
1268,ภาพขาวดำของชิ้นส่วนของไม้ในพื้นดิน
1678,ผู้ชายและผู้หญิงอยู่ในแพพายเรือไปตามแม่น้ำ
543,ดอกไม้สีม่วงอยู่กลางทุ่ง
1090,ดอกไม้สีเหลืองที่มีลำต้นสีแดงอยู่กลางป่า
1099,กระท่อมเล็กๆที่มีหลังคาหิ้งอยู่ตรงกลางรั้ว
1706,บุคคลที่ถือสัตว์ตัวเล็กๆห่ออยู่ในผ้าห่ม
1154,ลำธารที่วิ่งผ่านป่าสีเขียวเขียวชอุ่ม
377,ต้นไม้ที่มีดอกไม้สีขาวอยู่หน้าบ้าน
666,ใกล้ขึ้นของแมลงที่มีสีสันมากบนพื้นดิน
1437,หินขนาดใหญ่อยู่ตรงกลางของทุ่งที่มีต้นไม้ในพื้นหลัง
1482,กบอยู่บนกิ่งไม้ในความมืด
505,กระท่อมเล็กๆอยู่ตรงกลางของทุ่งที่มีต้นไม้ในพื้นหลัง
635,ซุปหม้อใกล้ๆกับเนื้อสัตว์และผัก
34,บ้านไม้ยกสูง
986,ใบไม้ที่มีสีขาวอยู่บนนั้น
1429,ตึกสีขาวและแดงมีนาฬิกาอยู่ด้านบน
473,กบอยู่บนใบไม้สีเขียว
39,สนามที่มีจำนวนมากของหญ้าและต้นไม้ในพื้นหลัง
35,ลิงตัวเล็กๆยืนอยู่บนพื้นหญ้า
1927,กระถางต้นไม้ที่มีใบสีเขียว
1363,หอยเม่นอยู่ใต้ท้องทะเลมากมาย
618,คนที่นั่งกินไอศกรีมอยู่บนพื้น
860,งูตัวนึงนอนอยู่บนพื้นดิน
1089,ต้นไม้ในพื้นหน้าและภูเขาในพื้นหลังภายใต้ท้องฟ้ามีเมฆมาก
1171,ดอกไม้สีม่วงในทุ่งหญ้าสูงที่มีต้นไม้ในพื้นหลัง
76,คนจำนวนมากที่ยืนอยู่ในสายฝนพร้อมร่ม
1581,ตึกสีขาวมีประตูสีแดงและป้ายอยู่ตรงหน้าตึก
948,อาคารที่มีหอนาฬิกาอยู่ข้างหน้ามัน
1768,ปลาวางอยู่บนแผ่นกระดาษ
1779,ตะกร้าที่มีดอกไม้อยู่ด้านบน
1238,รถบรรทุกที่จอดอยู่ด้านข้างของแม่น้ำ
955,ชามสีชมพูที่เต็มไปด้วยมะนาวบนโต๊ะ
435,รูปปั้นของผู้หญิงที่ยืนอยู่ในห้อง
1867,ต้นไม้ที่มีเบอร์รี่ติดอยู่
946,คนในน้ำที่มีแสงในมือของพวกเขา
14,แพะติดหัวของมันผ่านแถบของปากกา
1058,อาคารสีขาวและทองขนาดใหญ่อยู่ข้างถนน
1518,สองคนที่ยืนอยู่ในป่าด้วยกัน
947,ดอกไม้ที่อยู่ใกล้กับต้นไม้
640,ช็อคโกแล็ตชิปอยู่บนโต๊ะพร้อมป้ายหน้าร้าน
1580,ผีเสื้ออยู่บนใบไม้
857,ใกล้ๆกับดอกไม้สีขาวตรงกลางสีน้ำตาล
1634,ผู้คนจำนวนมากยืนรอบกองไฟในเวลากลางคืนพร้อมบอลลูนลมร้อน
1326,ตะกร้าดอกไม้วางอยู่บนโต๊ะหน้าอาคาร
842,โดนัทสองกล่องวางอยู่บนโต๊ะข้างกัน
708,พืชขนาดเล็กที่มีดอกไม้สีเหลืองอยู่ตรงกลางของถนนสกปรก
1519,น้ำตกอยู่กลางป่าที่มีต้นไม้มากมาย
938,ต้นกล้วยจำนวนมากอยู่ตรงกลางของทุ่งสีเขียวเขียวชอุ่ม
1191,ิดขึ้นของหญ้าสูงเป่าในลมในวันที่แดดออก
303,ห้องที่มีพรมแดงและรูปปั้นอยู่ตรงกลางห้อง
16,ตึกสีขาวหลังคาแดงติดกับต้นปาล์ม
1457,แมลงที่วางอยู่บนใบไม้ของต้นไม้
1141,คนถือถุงตาข่ายที่มีปลาอยู่ข้างใน
1096,ภาพกลุ่มเห็ดที่เติบโตจากพื้นดิน
1112,กบอยู่บนพื้นดินในดิน
45,รูปปั้นของผู้ชายนั่งอยู่บนเก้าอี้
1506,หมียืนอยู่บนพื้นหญ้าบนเนินเขา
884,พืชระยะใกล้ที่งอกออกมาจากพื้นดิน
1583,กิ่งไม้ใกล้ๆที่มีน้ำออกมาจากมัน
1599,ใบไม้สีเขียวที่มีเห็ดสีขาวอยู่บนมัน บนพื้นสีฟ้า
1842,เรือที่กำลังจะลงแม่น้ำกลางวัน
1265,จานอาหารหนึ่งบนโต๊ะที่มีเครื่องเทศอยู่ และมีจานที่มีซุป
1889,ศาลาที่มีรูปปั้นสัตว์อยู่ข้างหน้าและรูปปั้นพระพุทธรูปอยู่ด้านใน
1843,ชิ้นส่วนไม้หลายชิ้นอยู่บนไม้ข้างไม้
1978,นกอยู่บนกิ่งไม้ของต้นไม้
1313,ผลไม้ที่แขวนอยู่บนต้นไม้
1750,กระถางไม้ที่มีใบไม้สีชมพู
808,คนนั่งที่โต๊ะกับแล็ปท็อปและจอภาพ
762,นกอยู่บนกิ่งไม้
273,กบอยู่บนหิน
1646,อุโมงค์หินกลางทุ่ง
394,พระพุทธรูปแกะสลักอยู่ด้านข้างรั้ว
828,คนนั่งที่โต๊ะในห้อง
631,ป่าที่เต็มไปด้วยต้นไม้และพืชมากมาย
234,รถจักรยานยนต์จอดอยู่ข้างถนนข้างสวนสาธารณะ
246,ภาพเก่าของชายคนหนึ่งขับรถแทรกเตอร์ในหิมะ
771,ผ้าใบสีฟ้าห้อยอยู่บนต้นไม้ในป่า
218,ผู้ชายคนหนึ่งกำลังถ่ายรูปต้นไม้ในป่า
1585,อาหารสองจานและเบียร์หนึ่งแก้วบนโต๊ะ
1960,ต้นไม้ใกล้ๆกับใบไม้เขียว
1601,แมลงหลาบขาขนาดเล็กบนพื้นหิน มีคนยืนอยู่ข้างหลัง
1232,อาคารสีขาวที่มีหลังคาสีแดงและป้ายด้านหน้าของมัน
25,ลำธารที่วิ่งผ่านป่าสีเขียวเขียวชอุ่ม
233,ต้นไม้ที่มีดอกไม้เล็กๆ
834,แมลงปีกแข็งสีดำที่มีไม้บรรทัดในพื้นหน้า
401,ผลไม้ชิ้นหนึ่งที่ถูกตัดออกเป็นชิ้นเล็ก
241,กลุ่มคนที่ใส่เสื้อสีดำและหมวกสีฟ้ายืนอยู่รอบโต๊ะ
420,ผีเสื้อกลางคืนอยู่บนเปลือกของต้นไม้
353,สุนัขตัวนึงยืนอยู่ในดินโดยรั้ว
1132,รูปดอกไม้พวงที่อยู่ในแจกัน
291,บ้านที่มีต้นไม้จำนวนมากอยู่ข้างหน้ามัน
230,จำนวนมากของปะการังที่กำลังเติบโตที่ด้านล่างของน้ำ
418,ภาพกลุ่มของอุจจาระที่อยู่ในห้องพัก
613,มือของบุคคลถือจานสีขาวมีดอกไม้สีม่วง
1259,พืชที่เติบโตจากด้านข้างของรั้วไม้
715,ตึกสีชมพูมีหลังคาสีแดงอยู่ตรงกลางสวน
111,สัตว์หลายตัวนอนอยู่ในดิน
1445,ภาพใกล้โกศทะเลที่ด้านล่างของปะการัง
1567,นกสีเหลืองและสีเขียวเกาะอยู่บนลวดหนาม
1406,รูปปั้นของผู้ชายที่มีใบหน้าสีแดงนั่งอยู่บนโต๊ะ
1126,ต้นไม้ที่อยู่ใกล้กับดอกไม้สีขาว
278,บุคคลในน้ำที่มีอุปกรณ์ดำน้ำ
57,ซุปหนึ่งชามใส่เนื้อและผัก
1179,แผ่นสีฟ้าและสีขาวบนโต๊ะสีแดง
786,ร่างกายของน้ำที่มีต้นไม้ในพื้นหลัง
1264,แมลงที่วางอยู่บนพื้นดินในดิน
27,กระโหลกสัตว์ตายอยู่บนพื้นข้างไม้บรรทัด
248,ศาลเจ้าที่มีรูปปั้นและภาพบนผนัง
1720,ชายคนหนึ่งคุกเข่าอยู่กลางทุ่งหญ้าสูง
1157,ภาพมือของบุคคลที่ถือเมล็ดพันธุ์ที่ถูกตัดออกครึ่งหนึ่ง
1949,เรืออยู่บนทรายริมน้ำ
658,หลายประเภทของพืชที่เติบโตภายในเรือนกระจก
1970,ถาดอาหารบนระนาบ
393,ป่าที่เต็มไปด้วยต้นไม้และพืชมากมาย
954,จานอาหารที่มีเนื้อและผัก
521,พาสต้าที่มีเนื้อและผัก
282,เห็ดขนาดเล็กที่เติบโตจากพื้นดิน
1256,กลุ่มคนที่นั่งบนเก้าอี้สีแดงกินอาหารใต้ร่มสีฟ้า
41,กระถางต้นไม้อยู่บนหญ้ากลางสนาม
1563,ใส้อั่วกำลังถูกปรุงบนเตาย่างในหม้อทอดแบบเปิด
904,ชามสีฟ้าและสีขาวที่มีช้อนอยู่ในนั้น
987,จานอาหารอยู่บนโต๊ะข้างกระถางต้นไม้
1672,ภูเขาในระยะทางที่อยู่เบื้องหลังสนามที่มีรถแทรกเตอร์ในด้านหน้า
1881,ภาพกลุ่มมดที่คลานอยู่บนพื้น
325,จานดำราดด้วยบะหมี่และท็อปปิ้งบนโต๊ะไม้
1667,จานอาหารประกอบด้วยปลาข้าวผักกาดหอมและซอส
381,ผ้าปูโต๊ะสีฟ้าและขาวมีจานสีขาวราดด้วยผักเขียว
1420,ตึกสีขาวขนาดใหญ่ที่มีหลังคาสีแดงอยู่ตรงกลางถนน
1677,จานอาหารที่มีข้าวและผักและเนื้อ
15,จักจั่นบนไม้
1147,ผู้หญิงคนหนึ่งยืนอยู่หน้าภาพวาดบนผนังของอาคาร
853,ต้นไม้ที่มีดอกไม้สีม่วงและสีขาว
929,รูปปั้นมากมายบนจอแสดงผลในห้องที่มีผู้คนมองพวกเขา
367,ม้าที่ยืนอยู่บนพื้นหญ้าด้านข้างของถนน
602,หญ้าสูงที่ด้านข้างของถนนสกปรกในกลางป่า
1598,งูวางอยู่บนพื้นพร้อมกับมีดในปากของมัน
792,ค้างคาวที่แขวนอยู่บนกิ่งไม้
258,โต๊ะที่มีเค้กและแจกันดอกไม้อยู่
702,ร่างกายขนาดใหญ่ของน้ำล้อมรอบด้วยต้นไม้ในกลางวัน
1348,ที่ถือร่มสีเขียวในทุ่งหญ้าสูง
1025,ดอกไม้เล็กๆสีขาวที่เติบโตจากพื้นดิน
539,วัวยืนอยู่ในดินโดยต้นไม้บางต้น
1009,ตึกเล็กๆสีขาวมีหลังคาสีแดงอยู่ตรงกลางสวน
564,ข้าวอยู่ในใบไม้
1443,เต่าตัวอยู่ด้านบนของเต่าตัวใหญ่กว่า
1417,ต้นไม้ใกล้ต้นที่มีใบไม้สีเขียว
1703,จิ้งจกอยู่บนหินมีใบไม้อยู่ในปาก
1664,เก่าของบ้านไม้เล็กๆกลางป่า
581,น้ำขนาดใหญ่ที่มีเกาะเล็กๆในพื้นหลัง
952,หลายความสัมพันธ์ที่แขวนอยู่บนเพดานของร้านค้า
1972,คนถือมะนาวชามบนเคาน์เตอร์ครัว
1804,จานอาหารสีดำที่มีผักและสีแดง
1107,มะเขือยาวที่เติบโตในสวน
38,ลำธารเล็กๆไหลระหว่างหินขนาดใหญ่สองก้อนในน้ำ
1486,แมลงสีแดงบนแขนคน
992,ไข่เจียวใส่ผักโขมกับชีสบนจาน
1277,ร้านเบเกอรี่ที่มีขนมอบแสดงที่ชั้นวาง
1626,รูปปั้นพระพุทธรูปสีฟ้านั่งอยู่
541,ตะกร้าอาหารมากมายอยู่บนโต๊ะที่ตลาดกลางแจ้ง
1185,ศาลเจ้าที่มีรูปปั้นสีทองอยู่ตรงกลาง
1249,ผลไม้ที่ออกผลเป็นเครือตั้งแต่ยอดจรดต้น
1015,แนวปะการังที่มีโกศทะเลและโกศทะเลในด้านหน้า
1499,ผู้ชายและเด็กเดินบนถนนสกปรก
168,ปูอยู่บนพื้นใบ
1591,ศาลาพิธีสีทองหน้าอาคารราชการในประเทศไทย และรูปผู้ชายในโปรเตอร์
1372,เต่าทองสองตัวอยู่บนเศษไม้
1307,ต้นไม้อยู่ตรงกลางทุ่ง
818,ใบไม้ใกล้ต้นไม้ที่มีพื้นหลังพร่ามัว
1100,จิ้งจกอยู่บนกิ่งไม้
301,ตึกเล็กๆสีขาวมีหลังคาสีแดงอยู่ตรงกลางสวน
852,ผู้หญิงคนหนึ่งที่คุกเข่าลงด้วยไม้ในมือของเธอ
1475,ชามสีขาวที่มีดอกไม้สีเหลืองอยู่บนหญ้า
513,รอยแกะสลักที่ด้านข้างของรั้ว
865,แถวของกระจกอยู่บนกองดิน
1821,วัวสองตัวยืนติดกันในป่า
132,ตึกที่มีป้ายอยู่ข้างหน้า มีใบไม้
1254,หนูที่ตายแล้วบนพื้น
823,ปะการังที่กำลังเติบโตที่ด้านล่างของหิน
668,ผ้าท่อสีขาว
336,จั๊กจั่นสีเขียวบนไม้
1797,กลุ่มคนที่ยืนรอบกองไฟตอนกลางคืน
506,คนจำนวนมากที่ยืนอยู่ในสายฝนพร้อมร่ม
1809,กลุ่มคนที่กำลังนั่งอยู่บนเวที
1534,แปลงและมีบนพื้นหิน
1433,อาหารสองจานและกาแฟหนึ่งถ้วยบนโต๊ะ
100,บ้านไม้สไตล์ไทยตรงกลางของน้ำ
953,หินที่มีหลุมอยู่ตรงกลาง อยู่บนหญ้า
1295,ต้นไม้ชายฝั่งมีน้ำอยู่ด้านหน้า
110,ระยะใกล้ของนกสีดำและขาวในป่า
508,ตึกสีฟ้าและขาวมีนาฬิกาอยู่ด้านบน
310,ต้นกล้วยที่ปลูกอยู่กลางทุ่ง
206,บนโต๊ะสีเหลืองมีโต๊ะสีเหลืองมากมาย
886,อาคารสีขาวที่มีหลังคาสีแดงและม้านั่งอยู่ด้านหน้าของมัน
78,ผู้ชายและผู้หญิงยืนเคียงข้างกันอยู่หน้ากำแพง
1059,ของพืชที่เติบโตจากพื้นดิน
1242,กลุ่มคนจำนวนมากยืนอยู่หน้าต้นไม้
184,กลุ่มคนที่ยืนอยู่รอบโต๊ะ
1717,แมลงที่มีสีสันอยู่บนผิวมอสส์
200,ชิ้นส่วนไม้ที่มีเล็บยื่นออกมาจากมัน
1476,นกอยู่บนเสาไม้
128,ผู้ชายคนหนึ่งที่สวมเสื้อสีขาว กำลังรับของจากผู้ชายใส่เสื้อสีดำ
1244,เรืออยู่ในน้ำข้างหิน
1878,จำนวนมากของปะการังที่กำลังเติบโตที่ด้านล่างของมหาสมุทร
1943,พืชเล็กๆที่เติบโตจากพื้นดิน
984,ต้นไม้ที่มีบ้านในพื้นหลัง
1199,ช้อนสีน้ำเงินสองช้อนอยู่บนจานบนหญ้า
1337,ของพืชที่เติบโตจากพื้นดิน
135,วงองุ่นสีเขียวในถุงกระดาษบนจอแสดงผลที่ร้านขายของชำ
1162,อาคารสีขาวขนาดใหญ่มีหลังคาสีแดงและต้นปาล์มอยู่ข้างหน้ามัน
1452,วัวยืนอยู่บนดินโดยต้นไม้
760,กลุ่มหอยเม่นที่ก้นหิน
542,มุมมองทางอากาศของเมืองเล็กๆที่มีภูเขาในพื้นหลัง
1976,ถนนลูกรังกลางป่า
1386,ชิ้นส่วนของปะการังขนาดใหญ่อยู่ด้านล่างของพื้นมหาสมุทร
29,บ่อเล็กๆอยู่ตรงกลางของเรือนกระจกที่เต็มไปด้วยพืช
1065,ต้นไม้ที่อยู่ใกล้กับดอกไม้สีแดง
195,มุมมองของต้นไม้ขนาดใหญ่ที่มีใบไม้สีเขียว
1026,ดอกไม้ที่อยู่ใกล้กับต้นไม้
1345,ป้ายสีชมพูอยู่ด้านข้างของตึกที่มีรูปปั้นช้างอยู่ข้างหน้า
